id,from,to,cost,nodes
0,1187045165,1187044390,31.83508795342161,"[u'1187045165', u'1187044390']"
1,1187044390,1187045165,31.835087953218682,"[u'1187044390', u'1187045165']"
2,1187044733,1797222842,18.420551085904275,"[u'1187044733', u'1797222842']"
3,1797222842,1187044733,18.42055108595995,"[u'1797222842', u'1187044733']"
4,1797222842,1187044863,223.38589799983626,"[u'1797222842', u'1187045164', u'1187044863']"
5,1187044863,1797222842,223.38589799962506,"[u'1187044863', u'1187045164', u'1797222842']"
6,1187044978,1187061183,289.2649347323978,"[u'1187044978', u'1187044726', u'1187061162', u'1187061194', u'1187061253', u'1187061223', u'1187061183']"
7,1187061183,1187044978,289.2649347326044,"[u'1187061183', u'1187061223', u'1187061253', u'1187061194', u'1187061162', u'1187044726', u'1187044978']"
8,1187061183,1187061255,531.323912816421,"[u'1187061183', u'1187061211', u'1187061243', u'1187061184', u'1187061149', u'1187061210', u'1187061174', u'1187061221', u'1187061161', u'1187061181', u'1187061236', u'3459182336', u'1187061255']"
9,1187061255,1187061183,531.3239128161333,"[u'1187061255', u'3459182336', u'1187061236', u'1187061181', u'1187061161', u'1187061221', u'1187061174', u'1187061210', u'1187061149', u'1187061184', u'1187061243', u'1187061211', u'1187061183']"
10,1187044372,1187044733,753.921554304838,"[u'1187044372', u'1187044733']"
11,1187044733,1187044372,753.9215543047433,"[u'1187044733', u'1187044372']"
12,1187045195,1187044749,163.4051291671678,"[u'1187045195', u'1187044507', u'1187044881', u'1751008985', u'1187044749']"
13,1187044749,1187045195,163.40512916733596,"[u'1187044749', u'1751008985', u'1187044881', u'1187044507', u'1187045195']"
14,1187044749,1187044372,11.341664495574877,"[u'1187044749', u'1187044372']"
15,1187044372,1187044749,11.341664495855746,"[u'1187044372', u'1187044749']"
16,1187044863,1187044978,32.41975175145253,"[u'1187044863', u'1187044978']"
17,1187044978,1187044863,32.419751751340634,"[u'1187044978', u'1187044863']"
18,1187044987,499158786,165.0709389198688,"[u'1187044987', u'1751008982', u'1187045087', u'1187044775', u'499158786']"
19,499158786,1187044987,165.0709389195345,"[u'499158786', u'1187044775', u'1187045087', u'1751008982', u'1187044987']"
20,499158740,499158759,369.36750677085297,"[u'499158740', u'1187061213', u'499158746', u'1187061157', u'1187061177', u'499158754', u'1187061201', u'1187061232', u'499158759']"
21,499158759,499158740,369.3675067708423,"[u'499158759', u'1187061232', u'1187061201', u'499158754', u'1187061177', u'1187061157', u'499158746', u'1187061213', u'499158740']"
22,1187044372,499158783,18.169385581461523,"[u'1187044372', u'499158783']"
23,499158783,1187044372,18.16938558169964,"[u'499158783', u'1187044372']"
24,499158783,1455069223,210.13676495263815,"[u'499158783', u'1827278615', u'1455069223']"
25,1455069223,499158783,210.13676495241998,"[u'1455069223', u'1827278615', u'499158783']"
26,1455069223,1246570944,101.13574538585937,"[u'1455069223', u'1827278612', u'1246570944']"
27,1246570944,1455069223,101.13574538609979,"[u'1246570944', u'1827278612', u'1455069223']"
28,1246571058,1246571008,28.678305646090806,"[u'1246571058', u'1246571008']"
29,1246571008,1246571058,28.678305646211935,"[u'1246571008', u'1246571058']"
30,368906068,1246570865,20.86592395879044,"[u'368906068', u'1246570865']"
31,1246570865,368906068,20.865923958842757,"[u'1246570865', u'368906068']"
32,1246571050,1246570826,690.7820048008169,"[u'1246571050', u'1246571093', u'1246571073', u'1246570965', u'1246570863', u'1246570826']"
33,1246570826,1246571050,690.7820048008839,"[u'1246570826', u'1246570863', u'1246570965', u'1246571073', u'1246571093', u'1246571050']"
34,1246570930,2614586200,321.7611335277986,"[u'1246570930', u'1246571007', u'1246570893', u'1246570976', u'625789927', u'2614586200']"
35,2614586200,1246570930,321.7611335275938,"[u'2614586200', u'625789927', u'1246570976', u'1246570893', u'1246571007', u'1246570930']"
36,2614586200,1246571058,362.77523921472505,"[u'2614586200', u'1246571058']"
37,1246571058,2614586200,362.7752392147095,"[u'1246571058', u'2614586200']"
38,1246570903,1759598037,469.27672916230176,"[u'1246570903', u'1246570858', u'1246571066', u'1246570952', u'1246571027', u'1246570998', u'1246570817', u'1246570985', u'3880367468', u'1246571019', u'1246570905', u'1759598037']"
39,1759598037,1246570903,469.2767291621496,"[u'1759598037', u'1246570905', u'1246571019', u'3880367468', u'1246570985', u'1246570817', u'1246570998', u'1246571027', u'1246570952', u'1246571066', u'1246570858', u'1246570903']"
40,1759598037,1246570915,76.24293265461017,"[u'1759598037', u'1246570915']"
41,1246570915,1759598037,76.24293265494963,"[u'1246570915', u'1759598037']"
42,1246570865,1759597941,73.23043135885563,"[u'1246570865', u'1759597941']"
43,1759597941,1246570865,73.2304313592434,"[u'1759597941', u'1246570865']"
44,1759597941,1246570803,471.5866245337675,"[u'1759597941', u'625789923', u'1246570910', u'3880367467', u'1246570883', u'1246571082', u'1246571065', u'1246571088', u'1246570853', u'625789925', u'1246570803']"
45,1246570803,1759597941,471.58662453423483,"[u'1246570803', u'625789925', u'1246570853', u'1246571088', u'1246571065', u'1246571082', u'1246570883', u'3880367467', u'1246570910', u'625789923', u'1759597941']"
46,1246570891,1246571050,27.78324206485002,"[u'1246570891', u'1246571050']"
47,1246571050,1246570891,27.78324206502031,"[u'1246571050', u'1246570891']"
48,1246570915,1246570837,20.617532157433033,"[u'1246570915', u'1246570837']"
49,1246570837,1246570915,20.617532157968505,"[u'1246570837', u'1246570915']"
50,1246570837,1759597726,223.81427392598218,"[u'1246570837', u'1759597726']"
51,1759597726,1246570837,223.81427392579292,"[u'1759597726', u'1246570837']"
52,1759597726,3459234286,14.27427563347506,"[u'1759597726', u'3459234286']"
53,3459234286,1759597726,14.274275633066843,"[u'3459234286', u'1759597726']"
54,3459234286,1246570875,230.07896327790834,"[u'3459234286', u'1246570875']"
55,1246570875,3459234286,230.07896327787054,"[u'1246570875', u'3459234286']"
56,1246570803,1246570930,24.53495530816065,"[u'1246570803', u'1246570930']"
57,1246570930,1246570803,24.534955308565344,"[u'1246570930', u'1246570803']"
58,1246570947,3459234288,229.52129744069728,"[u'1246570947', u'3459234288']"
59,3459234288,1246570947,229.52129744079463,"[u'3459234288', u'1246570947']"
60,3459234288,1759597674,14.733769171844651,"[u'3459234288', u'1759597674']"
61,1759597674,3459234288,14.733769171748603,"[u'1759597674', u'3459234288']"
62,1759597674,368906068,224.41788637885017,"[u'1759597674', u'368906068']"
63,368906068,1759597674,224.41788637881731,"[u'368906068', u'1759597674']"
64,1187044987,1187044749,18.237649014964898,"[u'1187044987', u'1187044749']"
65,1187044749,1187044987,18.237649014783734,"[u'1187044749', u'1187044987']"
66,1187044749,1246570891,105.79961213658775,"[u'1187044749', u'1246570891']"
67,1246570891,1187044749,105.79961213683178,"[u'1246570891', u'1187044749']"
68,1246570826,1246570903,23.189546701340998,"[u'1246570826', u'1246570903']"
69,1246570903,1246570826,23.189546701469485,"[u'1246570903', u'1246570826']"
70,1455057526,1455069224,481.3678016106096,"[u'1455057526', u'1455057529', u'1455057530', u'1455057533', u'1455057540', u'1455057542', u'1455057543', u'1827278617', u'1455069224']"
71,1455069224,1455057526,481.36780161102314,"[u'1455069224', u'1827278617', u'1455057543', u'1455057542', u'1455057540', u'1455057533', u'1455057530', u'1455057529', u'1455057526']"
72,1455069224,1455069223,583.8234378982205,"[u'1455069224', u'1455069223']"
73,1455069223,1455069224,583.8234378981796,"[u'1455069223', u'1455069224']"
74,1455069215,1455069217,39.19664917770683,"[u'1455069215', u'1455069216', u'1455069217']"
75,1455069217,1455069215,39.196649177690986,"[u'1455069217', u'1455069216', u'1455069215']"
76,1455069217,1455069224,212.8161630914674,"[u'1455069217', u'1455069218', u'1455069220', u'1455069221', u'1455069222', u'1455069224']"
77,1455069224,1455069217,212.81616309150422,"[u'1455069224', u'1455069222', u'1455069221', u'1455069220', u'1455069218', u'1455069217']"
78,1455069190,1455069215,884.508158921262,"[u'1455069190', u'1455069192', u'1455069193', u'1455069194', u'1455069195', u'1455069196', u'1455069197', u'1827278599', u'1827278608', u'1827278610', u'1455069198', u'1827287143', u'1455069199', u'1455069200', u'1455069201', u'1455069202', u'1455069203', u'1455069204', u'1455069205', u'1455069207', u'1455069208', u'1455069209', u'1455069210', u'1455069211', u'1455069212', u'1455069213', u'1455069214', u'1455069215']"
79,1455069215,1455069190,884.5081589214208,"[u'1455069215', u'1455069214', u'1455069213', u'1455069212', u'1455069211', u'1455069210', u'1455069209', u'1455069208', u'1455069207', u'1455069205', u'1455069204', u'1455069203', u'1455069202', u'1455069201', u'1455069200', u'1455069199', u'1827287143', u'1455069198', u'1827278610', u'1827278608', u'1827278599', u'1455069197', u'1455069196', u'1455069195', u'1455069194', u'1455069193', u'1455069192', u'1455069190']"
80,1486844876,1486844864,54.629160138449635,"[u'1486844876', u'1486844873', u'1486844870', u'1486844869', u'1486844864']"
81,1486844864,1486844876,54.62916013849697,"[u'1486844864', u'1486844869', u'1486844870', u'1486844873', u'1486844876']"
82,1486844864,1486844838,67.38273800981605,"[u'1486844864', u'1486844854', u'1486844850', u'1486844846', u'1486844845', u'1486844838']"
83,1486844838,1486844864,67.38273801002765,"[u'1486844838', u'1486844845', u'1486844846', u'1486844850', u'1486844854', u'1486844864']"
84,1486844838,1486844841,47.915815552832555,"[u'1486844838', u'1486844841']"
85,1486844841,1486844838,47.9158155528377,"[u'1486844841', u'1486844838']"
86,1486844894,1486844886,74.65505805480346,"[u'1486844894', u'1486844891', u'1486844890', u'1486844888', u'1486844889', u'1486844886']"
87,1486844886,1486844894,74.6550580547772,"[u'1486844886', u'1486844889', u'1486844888', u'1486844890', u'1486844891', u'1486844894']"
88,1486844886,1486844864,169.85215243829225,"[u'1486844886', u'1486844885', u'1486844883', u'1486844878', u'1487361101', u'1486844872', u'1486844867', u'1486844865', u'1486844862', u'1486844857', u'1486844855', u'1486844858', u'1486844864']"
89,1486844864,1486844886,169.8521524383036,"[u'1486844864', u'1486844858', u'1486844855', u'1486844857', u'1486844862', u'1486844865', u'1486844867', u'1486844872', u'1487361101', u'1486844878', u'1486844883', u'1486844885', u'1486844886']"
90,1486844864,1487351340,76.46145991712521,"[u'1486844864', u'1487351338', u'1487351340']"
91,1487351340,1486844864,76.46145991733492,"[u'1487351340', u'1487351338', u'1486844864']"
92,1486844896,1486844886,42.51835428664576,"[u'1486844896', u'1486844895', u'1486844886']"
93,1486844886,1486844896,42.51835428673485,"[u'1486844886', u'1486844895', u'1486844896']"
94,1486844886,1486844830,202.6978058557039,"[u'1486844886', u'1486844884', u'1486844880', u'1486844877', u'1486844875', u'1486844871', u'1486844866', u'1486844859', u'1486844853', u'1486844852', u'1486844847', u'1486844844', u'1486844843', u'1486844842', u'1486844836', u'1486844830']"
95,1486844830,1486844886,202.69780585534875,"[u'1486844830', u'1486844836', u'1486844842', u'1486844843', u'1486844844', u'1486844847', u'1486844852', u'1486844853', u'1486844859', u'1486844866', u'1486844871', u'1486844875', u'1486844877', u'1486844880', u'1486844884', u'1486844886']"
96,1486844830,1486844820,60.29570708723571,"[u'1486844830', u'1486844826', u'1486844825', u'1486844824', u'1486844823', u'1486844821', u'1486844820']"
97,1486844820,1486844830,60.295707087092694,"[u'1486844820', u'1486844821', u'1486844823', u'1486844824', u'1486844825', u'1486844826', u'1486844830']"
98,1486844830,1486844838,66.78551605106749,"[u'1486844830', u'1486844831', u'1486844832', u'1486844833', u'1486844835', u'1486844837', u'1486844838']"
99,1486844838,1486844830,66.78551605094029,"[u'1486844838', u'1486844837', u'1486844835', u'1486844833', u'1486844832', u'1486844831', u'1486844830']"
100,2696131839,1486922518,5.552860078485587,"[u'2696131839', u'1486922518']"
101,1486922518,2696131839,5.552860078643429,"[u'1486922518', u'2696131839']"
102,1486922518,1486922515,32.81209918114028,"[u'1486922518', u'1486922519', u'1486922517', u'2696131837', u'1486922515']"
103,1486922515,1486922518,32.812099181185644,"[u'1486922515', u'2696131837', u'1486922517', u'1486922519', u'1486922518']"
104,1486922515,1486922512,8.981585757031635,"[u'1486922515', u'1486922514', u'1486922512']"
105,1486922512,1486922515,8.98158575694297,"[u'1486922512', u'1486922514', u'1486922515']"
106,1486922512,1486922510,10.544375346029568,"[u'1486922512', u'2696131838', u'1486922510']"
107,1486922510,1486922512,10.54437534596268,"[u'1486922510', u'2696131838', u'1486922512']"
108,1486922510,1486922500,41.03151358597254,"[u'1486922510', u'1486922508', u'1486922506', u'1486922502', u'1486922501', u'1486922500']"
109,1486922500,1486922510,41.03151358584147,"[u'1486922500', u'1486922501', u'1486922502', u'1486922506', u'1486922508', u'1486922510']"
110,1486922500,1486922505,18.251644412531036,"[u'1486922500', u'1486922503', u'1486922504', u'1486922505']"
111,1486922505,1486922500,18.251644412567522,"[u'1486922505', u'1486922504', u'1486922503', u'1486922500']"
112,1486922505,1487328537,8.8854133677503,"[u'1486922505', u'1487328537']"
113,1487328537,1486922505,8.885413367691953,"[u'1487328537', u'1486922505']"
114,1487328537,1486922516,30.311403811334355,"[u'1487328537', u'1486922509', u'1486922511', u'1486922513', u'1486922516']"
115,1486922516,1487328537,30.31140381129234,"[u'1486922516', u'1486922513', u'1486922511', u'1486922509', u'1487328537']"
116,1486922516,2696131839,5.554984653629894,"[u'1486922516', u'2696131839']"
117,2696131839,1486922516,5.554984653829176,"[u'2696131839', u'1486922516']"
118,1759597996,1486922498,100.49674726788967,"[u'1759597996', u'1486922498']"
119,1486922498,1759597996,100.4967472678852,"[u'1486922498', u'1759597996']"
120,1486922510,1487066351,139.08658684064466,"[u'1486922510', u'1487066351']"
121,1487066351,1486922510,139.08658684057187,"[u'1487066351', u'1486922510']"
122,1759597882,1759597855,266.8334177881791,"[u'1759597882', u'1759597815', u'1759597817', u'1759597665', u'1759597895', u'1759597583', u'1759597719', u'1759597676', u'1759597902', u'1759598199', u'1759597862', u'1759597504', u'1759597533', u'1759597774', u'1759597855']"
123,1759597855,1759597882,266.8334177887035,"[u'1759597855', u'1759597774', u'1759597533', u'1759597504', u'1759597862', u'1759598199', u'1759597902', u'1759597676', u'1759597719', u'1759597583', u'1759597895', u'1759597665', u'1759597817', u'1759597815', u'1759597882']"
124,1487066351,1487066347,34.428319480719615,"[u'1487066351', u'1487066347']"
125,1487066347,1487066351,34.42831948080039,"[u'1487066347', u'1487066351']"
126,1487066340,1487066349,33.92120299369009,"[u'1487066340', u'1487066349']"
127,1487066349,1487066340,33.92120299356741,"[u'1487066349', u'1487066340']"
128,1487066349,1486922500,134.9286234665214,"[u'1487066349', u'1486922500']"
129,1486922500,1487066349,134.92862346634703,"[u'1486922500', u'1487066349']"
130,1487066347,1486922499,11.578097709113438,"[u'1487066347', u'1486922499']"
131,1486922499,1487066347,11.57809770907027,"[u'1486922499', u'1487066347']"
132,1486844820,1487314710,15.761612665271715,"[u'1486844820', u'1487314710']"
133,1487314710,1486844820,15.761612665317466,"[u'1487314710', u'1486844820']"
134,1487328508,1487328535,472.291010032719,"[u'1487328508', u'1487328512', u'1487328516', u'1487328518', u'1487328522', u'3879213219', u'1487328524', u'1487328530', u'1487328532', u'1487328535']"
135,1487328535,1487328508,472.2910100325204,"[u'1487328535', u'1487328532', u'1487328530', u'1487328524', u'3879213219', u'1487328522', u'1487328518', u'1487328516', u'1487328512', u'1487328508']"
136,1487328535,2717928771,90.12857262360542,"[u'1487328535', u'2717928771']"
137,2717928771,1487328535,90.12857262355364,"[u'2717928771', u'1487328535']"
138,2717928771,1487328537,228.7800190871949,"[u'2717928771', u'1487328537']"
139,1487328537,2717928771,228.78001908711272,"[u'1487328537', u'2717928771']"
140,1486922505,1487328534,318.1328176860615,"[u'1486922505', u'1487328534']"
141,1487328534,1486922505,318.13281768600365,"[u'1487328534', u'1486922505']"
142,1487328534,1487328506,464.9943812156712,"[u'1487328534', u'1487328531', u'1487328529', u'1487328523', u'1487328520', u'1487328517', u'1487328515', u'1487328511', u'1487328506']"
143,1487328506,1487328534,464.9943812162167,"[u'1487328506', u'1487328511', u'1487328515', u'1487328517', u'1487328520', u'1487328523', u'1487328529', u'1487328531', u'1487328534']"
144,1487328534,1487328535,8.579109414958443,"[u'1487328534', u'1487328535']"
145,1487328535,1487328534,8.579109414713544,"[u'1487328535', u'1487328534']"
146,1487328535,1759597845,123.01893705502756,"[u'1487328535', u'1759597845']"
147,1759597845,1487328535,123.01893705487423,"[u'1759597845', u'1487328535']"
148,1759597845,1759598228,321.99370401823865,"[u'1759597845', u'1759597600', u'1759597569', u'1759597745', u'3881263993', u'1759597724', u'1759598135', u'1759597629', u'1759597556', u'1759598228']"
149,1759598228,1759597845,321.9937040191733,"[u'1759598228', u'1759597556', u'1759597629', u'1759598135', u'1759597724', u'3881263993', u'1759597745', u'1759597569', u'1759597600', u'1759597845']"
150,1487328534,1486844841,80.55140166922045,"[u'1487328534', u'1487328526', u'1487328525', u'1486844841']"
151,1486844841,1487328534,80.5514016691269,"[u'1486844841', u'1487328525', u'1487328526', u'1487328534']"
152,1486844841,3878436153,70.32588973942052,"[u'1486844841', u'1487328519', u'1487328514', u'3878436153']"
153,3878436153,1486844841,70.32588974031405,"[u'3878436153', u'1487328514', u'1487328519', u'1486844841']"
154,3878436153,1487328510,13.083261811877726,"[u'3878436153', u'1487328510']"
155,1487328510,3878436153,13.08326181166198,"[u'1487328510', u'3878436153']"
156,1759597855,1759597581,27.639527475798904,"[u'1759597855', u'1759597581']"
157,1759597581,1759597855,27.63952747582565,"[u'1759597581', u'1759597855']"
158,1759597889,1759597969,115.53130266526395,"[u'1759597889', u'1759598071', u'1797222870', u'1759597543', u'1759598106', u'1759598188', u'1759598019', u'1759597969']"
159,1759597969,1759597889,115.53130266505853,"[u'1759597969', u'1759598019', u'1759598188', u'1759598106', u'1759597543', u'1797222870', u'1759598071', u'1759597889']"
160,1759597781,2703797224,14.827550993566057,"[u'1759597781', u'2717862503', u'2703797224']"
161,2703797224,1759597781,14.82755099383672,"[u'2703797224', u'2717862503', u'1759597781']"
162,2703797224,1759598245,120.1712453920032,"[u'2703797224', u'1759597741', u'2717862461', u'1759598086', u'1759598245']"
163,1759598245,2703797224,120.17124539224498,"[u'1759598245', u'1759598086', u'2717862461', u'1759597741', u'2703797224']"
164,1759598245,1759597624,155.77211757120293,"[u'1759598245', u'1759597834', u'1759597624']"
165,1759597624,1759598245,155.77211757123285,"[u'1759597624', u'1759597834', u'1759598245']"
166,1759597624,1759597669,125.06115044922619,"[u'1759597624', u'1759597669']"
167,1759597669,1759597624,125.06115044914657,"[u'1759597669', u'1759597624']"
168,1759597836,1759597965,347.43060430710364,"[u'1759597836', u'1759597810', u'1759597630', u'1759597585', u'1759597965']"
169,1759597965,1759597836,347.4306043069097,"[u'1759597965', u'1759597585', u'1759597630', u'1759597810', u'1759597836']"
170,1759597965,1759597953,10.618466353002898,"[u'1759597965', u'1759597953']"
171,1759597953,1759597965,10.618466353035265,"[u'1759597953', u'1759597965']"
172,1759597953,1759597969,97.10479616695625,"[u'1759597953', u'1759598080', u'1759597967', u'1759597969']"
173,1759597969,1759597953,97.10479616712122,"[u'1759597969', u'1759597967', u'1759598080', u'1759597953']"
174,1759597969,3878436152,655.4753283694637,"[u'1759597969', u'1797222872', u'1759597853', u'1797222874', u'1759597573', u'1759597589', u'1759597775', u'1759597847', u'1759597506', u'1797222871', u'1759598191', u'1759597910', u'1759598115', u'1759597991', u'1759598004', u'1759597984', u'1759597632', u'1759598097', u'3729481563', u'3878436152']"
175,3878436152,1759597969,655.4753283695442,"[u'3878436152', u'3729481563', u'1759598097', u'1759597632', u'1759597984', u'1759598004', u'1759597991', u'1759598115', u'1759597910', u'1759598191', u'1797222871', u'1759597506', u'1759597847', u'1759597775', u'1759597589', u'1759597573', u'1797222874', u'1759597853', u'1797222872', u'1759597969']"
176,3878436152,1759597663,74.42267590131418,"[u'3878436152', u'1759597510', u'1759597631', u'1759597663']"
177,1759597663,3878436152,74.42267590136974,"[u'1759597663', u'1759597631', u'1759597510', u'3878436152']"
178,1759597663,1759597722,271.6848222892291,"[u'1759597663', u'1759597524', u'1759597735', u'1797189481', u'1759598160', u'1797189474', u'1759597722']"
179,1759597722,1759597663,271.68482228931066,"[u'1759597722', u'1797189474', u'1759598160', u'1797189481', u'1759597735', u'1759597524', u'1759597663']"
180,1759597981,1759597891,72.68950898244718,"[u'1759597981', u'1759598182', u'1759597903', u'1759597891']"
181,1759597891,1759597981,72.68950898205031,"[u'1759597891', u'1759597903', u'1759598182', u'1759597981']"
182,1759597891,1759597669,70.42859269063543,"[u'1759597891', u'1759598013', u'1759597783', u'1759597669']"
183,1759597669,1759597891,70.42859269071317,"[u'1759597669', u'1759597783', u'1759598013', u'1759597891']"
184,1759597669,1759598112,109.36336179951103,"[u'1759597669', u'1759597502', u'1759598156', u'1759598112']"
185,1759598112,1759597669,109.3633617995521,"[u'1759598112', u'1759598156', u'1759597502', u'1759597669']"
186,1759598112,1759597595,17.94394803114157,"[u'1759598112', u'1759597595']"
187,1759597595,1759598112,17.94394803096737,"[u'1759597595', u'1759598112']"
188,1759597595,1759598197,52.41340734761567,"[u'1759597595', u'1759598197']"
189,1759598197,1759597595,52.41340734779826,"[u'1759598197', u'1759597595']"
190,1759598234,1759598123,34.79281370913895,"[u'1759598234', u'1759598123']"
191,1759598123,1759598234,34.79281370913358,"[u'1759598123', u'1759598234']"
192,1759598158,1759597624,137.07355590904925,"[u'1759598158', u'1759597624']"
193,1759597624,1759598158,137.07355590910174,"[u'1759597624', u'1759598158']"
194,1759597624,1759597943,129.668971330432,"[u'1759597624', u'1759597943']"
195,1759597943,1759597624,129.66897133044301,"[u'1759597943', u'1759597624']"
196,1759597943,1759597597,10.342527762513027,"[u'1759597943', u'1759597597']"
197,1759597597,1759597943,10.342527762151867,"[u'1759597597', u'1759597943']"
198,1759597597,1759597882,137.82063197654526,"[u'1759597597', u'1759597882']"
199,1759597882,1759597597,137.82063197635293,"[u'1759597882', u'1759597597']"
200,1759597882,1759597739,67.25444356193464,"[u'1759597882', u'1759597858', u'1759597901', u'1759598068', u'1759598007', u'1759597739']"
201,1759597739,1759597882,67.25444356226474,"[u'1759597739', u'1759598007', u'1759598068', u'1759597901', u'1759597858', u'1759597882']"
202,1759597739,1759598050,268.33425154661006,"[u'1759597739', u'1759597733', u'1759597994', u'1759597715', u'1759597683', u'1759598218', u'1759598074', u'1759598016', u'1759598179', u'1759598050']"
203,1759598050,1759597739,268.3342515467141,"[u'1759598050', u'1759598179', u'1759598016', u'1759598074', u'1759598218', u'1759597683', u'1759597715', u'1759597994', u'1759597733', u'1759597739']"
204,1486922516,1759598121,101.35364280684344,"[u'1486922516', u'3878436137', u'3878436134', u'3878436138', u'1759598121']"
205,1759598121,1486922516,101.35364280735675,"[u'1759598121', u'3878436138', u'3878436134', u'3878436137', u'1486922516']"
206,1759598121,1759598029,306.279797320319,"[u'1759598121', u'2695865774', u'1759597736', u'1759597518', u'1759598029']"
207,1759598029,1759598121,306.27979731988,"[u'1759598029', u'1759597518', u'1759597736', u'2695865774', u'1759598121']"
208,1759598029,1759597940,125.32644338435487,"[u'1759598029', u'1759597712', u'1759597779', u'1759597940']"
209,1759597940,1759598029,125.32644338414451,"[u'1759597940', u'1759597779', u'1759597712', u'1759598029']"
210,1759597940,1759597690,100.22332637543352,"[u'1759597940', u'1759597554', u'1759597690']"
211,1759597690,1759597940,100.22332637530155,"[u'1759597690', u'1759597554', u'1759597940']"
212,1486922515,1759597743,159.45185903589513,"[u'1486922515', u'2717558629', u'2717862472', u'2717862497', u'1759597743']"
213,1759597743,1486922515,159.4518590359441,"[u'1759597743', u'2717862497', u'2717862472', u'2717558629', u'1486922515']"
214,1759597882,1759597544,151.45629410967223,"[u'1759597882', u'1759597686', u'1759597544']"
215,1759597544,1759597882,151.45629410965444,"[u'1759597544', u'1759597686', u'1759597882']"
216,1759597544,1759597706,67.8283988188244,"[u'1759597544', u'1759597550', u'1759597706']"
217,1759597706,1759597544,67.82839881917243,"[u'1759597706', u'1759597550', u'1759597544']"
218,1759597608,1759597781,24.054422303586154,"[u'1759597608', u'1759597781']"
219,1759597781,1759597608,24.0544223035535,"[u'1759597781', u'1759597608']"
220,1759597690,1759597680,99.43423586592236,"[u'1759597690', u'1759597643', u'1759597680']"
221,1759597680,1759597690,99.43423586596157,"[u'1759597680', u'1759597643', u'1759597690']"
222,1759597680,1759597666,124.43005529583465,"[u'1759597680', u'1759597519', u'1759597951', u'1759597666']"
223,1759597666,1759597680,124.43005529599445,"[u'1759597666', u'1759597951', u'1759597519', u'1759597680']"
224,1759597666,1759597852,302.9151783622029,"[u'1759597666', u'1759598173', u'1759597800', u'2717544113', u'2717544102', u'1759597852']"
225,1759597852,1759597666,302.9151783623579,"[u'1759597852', u'2717544102', u'2717544113', u'1759597800', u'1759598173', u'1759597666']"
226,1759597852,1486922518,101.4351216807136,"[u'1759597852', u'3878436140', u'3878436133', u'1486922518']"
227,1486922518,1759597852,101.43512168023668,"[u'1486922518', u'3878436133', u'3878436140', u'1759597852']"
228,1759598239,1759598077,131.05993797494997,"[u'1759598239', u'1759598176', u'1759598077']"
229,1759598077,1759598239,131.05993797464458,"[u'1759598077', u'1759598176', u'1759598239']"
230,1759598077,1759597763,99.8453690975136,"[u'1759598077', u'1759597763']"
231,1759597763,1759598077,99.8453690974959,"[u'1759597763', u'1759598077']"
232,1759598129,1759597838,186.9376469333439,"[u'1759598129', u'1759597765', u'1759597838']"
233,1759597838,1759598129,186.93764693276628,"[u'1759597838', u'1759597765', u'1759598129']"
234,1759597957,1759598228,102.14618133537137,"[u'1759597957', u'1759598228']"
235,1759598228,1759597957,102.14618133537827,"[u'1759598228', u'1759597957']"
236,1759598228,1759597587,10.794855123563455,"[u'1759598228', u'1759597587']"
237,1759597587,1759598228,10.794855123554001,"[u'1759597587', u'1759598228']"
238,1187061183,1759597893,61.199614197436425,"[u'1187061183', u'1770649854', u'1759597893']"
239,1759597893,1187061183,61.1996141981062,"[u'1759597893', u'1770649854', u'1187061183']"
240,1759597663,1759597638,132.81726456872343,"[u'1759597663', u'1759597938', u'2614583819', u'1759597922', u'1759597621', u'1759597806', u'1759597638']"
241,1759597638,1759597663,132.81726456882615,"[u'1759597638', u'1759597806', u'1759597621', u'1759597922', u'2614583819', u'1759597938', u'1759597663']"
242,1759597638,1759597636,138.22991950453317,"[u'1759597638', u'1759597602', u'1759597636']"
243,1759597636,1759597638,138.22991950417702,"[u'1759597636', u'1759597602', u'1759597638']"
244,1759597636,2695865761,126.67141566296178,"[u'1759597636', u'1759597932', u'1759597992', u'1759597944', u'2695865761']"
245,2695865761,1759597636,126.67141566286651,"[u'2695865761', u'1759597944', u'1759597992', u'1759597932', u'1759597636']"
246,2695865761,1759597957,12.598931877157462,"[u'2695865761', u'1759597957']"
247,1759597957,2695865761,12.598931876939055,"[u'1759597957', u'2695865761']"
248,1759597957,2695865768,11.472883550952007,"[u'1759597957', u'2695865768']"
249,2695865768,1759597957,11.472883550905067,"[u'2695865768', u'1759597957']"
250,2695865768,2695865773,31.735165793045333,"[u'2695865768', u'1759597963', u'2695865773']"
251,2695865773,2695865768,31.735165792940098,"[u'2695865773', u'1759597963', u'2695865768']"
252,2695865773,1759597979,195.26202749615766,"[u'2695865773', u'1759597896', u'1759597973', u'1759598153', u'1759598170', u'1759597979']"
253,1759597979,2695865773,195.26202749612537,"[u'1759597979', u'1759598170', u'1759598153', u'1759597973', u'1759597896', u'2695865773']"
254,1759598050,1759598239,25.47845970242655,"[u'1759598050', u'1759598239']"
255,1759598239,1759598050,25.47845970246733,"[u'1759598239', u'1759598050']"
256,1759597836,1759597595,102.56911586264002,"[u'1759597836', u'1759598024', u'1759597595']"
257,1759597595,1759597836,102.56911586289826,"[u'1759597595', u'1759598024', u'1759597836']"
258,1759597595,1759597597,145.29766444716114,"[u'1759597595', u'1759598162', u'1759598094', u'1759597597']"
259,1759597597,1759597595,145.29766444744033,"[u'1759597597', u'1759598094', u'1759598162', u'1759597595']"
260,1759597597,1759597818,149.6513411508178,"[u'1759597597', u'1759597818']"
261,1759597818,1759597597,149.65134115081662,"[u'1759597818', u'1759597597']"
262,1759597818,2703797226,117.25628850891138,"[u'1759597818', u'1759597982', u'1759597535', u'2703796564', u'2703797226']"
263,2703797226,1759597818,117.25628850907222,"[u'2703797226', u'2703796564', u'1759597535', u'1759597982', u'1759597818']"
264,2703797226,1759597813,16.42735242118903,"[u'2703797226', u'1759597813']"
265,1759597813,2703797226,16.427352421246177,"[u'1759597813', u'2703797226']"
266,1759597808,2703797225,15.320161808627052,"[u'1759597808', u'2717862534', u'2703797225']"
267,2703797225,1759597808,15.320161808853944,"[u'2703797225', u'2717862534', u'1759597808']"
268,2703797225,1759597771,117.37305215000958,"[u'2703797225', u'2703796565', u'1759597588', u'1759597820', u'1759597771']"
269,1759597771,2703797225,117.37305214973175,"[u'1759597771', u'1759597820', u'1759597588', u'2703796565', u'2703797225']"
270,1759597771,1759597943,148.97778398172733,"[u'1759597771', u'1759597851', u'1759597943']"
271,1759597943,1759597771,148.977783981728,"[u'1759597943', u'1759597851', u'1759597771']"
272,1759597943,1759598112,141.22425139155087,"[u'1759597943', u'1759597508', u'1759597936', u'1759598112']"
273,1759598112,1759597943,141.2242513918291,"[u'1759598112', u'1759597936', u'1759597508', u'1759597943']"
274,1759598112,1759597836,102.14276156488683,"[u'1759598112', u'1759597802', u'1759597836']"
275,1759597836,1759598112,102.14276156511949,"[u'1759597836', u'1759597802', u'1759598112']"
276,1759597571,1486922512,159.738082191283,"[u'1759597571', u'2717558630', u'1486922512']"
277,1486922512,1759597571,159.73808219160716,"[u'1486922512', u'2717558630', u'1759597571']"
278,1759597680,1759597940,11.017438230768827,"[u'1759597680', u'1759597940']"
279,1759597940,1759597680,11.017438230760092,"[u'1759597940', u'1759597680']"
280,1759597940,1759597638,118.67913732985731,"[u'1759597940', u'1759597638']"
281,1759597638,1759597940,118.67913732994916,"[u'1759597638', u'1759597940']"
282,1759597638,1759597561,112.67387209255128,"[u'1759597638', u'1759597897', u'1759597565', u'1759597561']"
283,1759597561,1759597638,112.67387209249634,"[u'1759597561', u'1759597565', u'1759597897', u'1759597638']"
284,1486922483,1759597664,146.93687677816354,"[u'1486922483', u'1759597816', u'1759597809', u'1759598194', u'1759598103', u'1759597627', u'1759597664']"
285,1759597664,1486922483,146.93687677709335,"[u'1759597664', u'1759597627', u'1759598103', u'1759598194', u'1759597809', u'1759597816', u'1486922483']"
286,1759598123,1759597666,208.37637806444118,"[u'1759598123', u'1759597757', u'1759597971', u'1759597610', u'1759597666']"
287,1759597666,1759598123,208.3763780643292,"[u'1759597666', u'1759597610', u'1759597971', u'1759597757', u'1759598123']"
288,1759597666,1759598029,13.564376022548032,"[u'1759597666', u'1759598029']"
289,1759598029,1759597666,13.564376022644407,"[u'1759598029', u'1759597666']"
290,1759598029,1759597636,121.42505969866572,"[u'1759598029', u'1759597636']"
291,1759597636,1759598029,121.42505969863262,"[u'1759597636', u'1759598029']"
292,1759597720,1759597941,358.54259816444085,"[u'1759597720', u'2695865752', u'2695865748', u'2719031559', u'2719031560', u'2719031561', u'2719031562', u'2719031563', u'2719031564', u'2719031565', u'2719031566', u'2695865749', u'1797203225', u'2695865750', u'2695865751', u'3880367292', u'1759597941']"
293,1759597941,1759597720,358.54259816283025,"[u'1759597941', u'3880367292', u'2695865751', u'2695865750', u'1797203225', u'2695865749', u'2719031566', u'2719031565', u'2719031564', u'2719031563', u'2719031562', u'2719031561', u'2719031560', u'2719031559', u'2695865748', u'2695865752', u'1759597720']"
294,1759597893,1759597584,9.533842059878909,"[u'1759597893', u'1759597584']"
295,1759597584,1759597893,9.533842060116669,"[u'1759597584', u'1759597893']"
296,1759597743,1759597808,27.872490207142132,"[u'1759597743', u'1759597808']"
297,1759597808,1759597743,27.872490207019165,"[u'1759597808', u'1759597743']"
298,1759597891,1759598158,148.9443193369159,"[u'1759597891', u'1759598158']"
299,1759598158,1759597891,148.94431933692664,"[u'1759598158', u'1759597891']"
300,1759598158,2719194247,75.36549036896332,"[u'1759598158', u'2719194247']"
301,2719194247,1759598158,75.36549036896443,"[u'2719194247', u'1759598158']"
302,2719194247,1759597838,68.97535339849257,"[u'2719194247', u'1759597838']"
303,1759597838,2719194247,68.97535339849242,"[u'1759597838', u'2719194247']"
304,1759597542,1759598224,99.33370886051246,"[u'1759597542', u'1759598224']"
305,1759598224,1759597542,99.33370886039567,"[u'1759598224', u'1759597542']"
306,1759598224,1759597664,127.25210433970713,"[u'1759598224', u'1759597664']"
307,1759597664,1759598224,127.25210433962827,"[u'1759597664', u'1759598224']"
308,1759597664,1487328506,444.8208257671663,"[u'1759597664', u'2717808059', u'1759598095', u'1759597856', u'1759597885', u'1759597926', u'1759597521', u'1759597548', u'1759597930', u'1759597582', u'1759597822', u'1759597916', u'1487328506']"
309,1487328506,1759597664,444.8208257674393,"[u'1487328506', u'1759597916', u'1759597822', u'1759597582', u'1759597930', u'1759597548', u'1759597521', u'1759597926', u'1759597885', u'1759597856', u'1759598095', u'2717808059', u'1759597664']"
310,1759598009,1759597836,144.12152214495987,"[u'1759598009', u'1759597836']"
311,1759597836,1759598009,144.12152214455736,"[u'1759597836', u'1759598009']"
312,1759597981,1759597889,24.774274746786887,"[u'1759597981', u'1759597889']"
313,1759597889,1759597981,24.774274746199314,"[u'1759597889', u'1759597981']"
314,1759597889,1759597953,63.73591069023483,"[u'1759597889', u'1759597850', u'1759597558', u'1759597606', u'1759597953']"
315,1759597953,1759597889,63.73591068985978,"[u'1759597953', u'1759597606', u'1759597558', u'1759597850', u'1759597889']"
316,1759597953,1759597623,58.90027826968638,"[u'1759597953', u'1759597634', u'1759597804', u'1759597849', u'1759597623']"
317,1759597623,1759597953,58.9002782692716,"[u'1759597623', u'1759597849', u'1759597804', u'1759597634', u'1759597953']"
318,1759597587,1759597720,26.202967642548806,"[u'1759597587', u'1759597720']"
319,1759597720,1759597587,26.202967642522303,"[u'1759597720', u'1759597587']"
320,1759598077,1759597604,85.36459243537621,"[u'1759598077', u'1759597586', u'1759597516', u'1759597604']"
321,1759597604,1759598077,85.36459243551717,"[u'1759597604', u'1759597516', u'1759597586', u'1759598077']"
322,1759597604,1759597567,66.33485329782735,"[u'1759597604', u'1759597840', u'1759598144', u'2717808171', u'1759597567']"
323,1759597567,1759597604,66.33485329770338,"[u'1759597567', u'2717808171', u'1759598144', u'1759597840', u'1759597604']"
324,1759597567,1759597996,21.3057613294514,"[u'1759597567', u'1759597996']"
325,1759597996,1759597567,21.30576132967477,"[u'1759597996', u'1759597567']"
326,1759597996,1759597920,96.45092860628127,"[u'1759597996', u'2717808173', u'1759597709', u'1759597914', u'1759598021', u'1759597920']"
327,1759597920,1759597996,96.45092860695138,"[u'1759597920', u'1759598021', u'1759597914', u'1759597709', u'2717808173', u'1759597996']"
328,1759597920,1759598224,88.45175111587082,"[u'1759597920', u'1759598165', u'1759597689', u'1759597668', u'1759598214', u'1759598224']"
329,1759598224,1759597920,88.45175111646574,"[u'1759598224', u'1759598214', u'1759597668', u'1759597689', u'1759598165', u'1759597920']"
330,1759598126,1759597763,28.322014875168144,"[u'1759598126', u'1759597678', u'1759597776', u'1759598202', u'2717390055', u'1759597763']"
331,1759597763,1759598126,28.322014874696155,"[u'1759597763', u'2717390055', u'1759598202', u'1759597776', u'1759597678', u'1759598126']"
332,1759597763,1759598231,21.312048091813253,"[u'1759597763', u'1759597531', u'1759597729', u'2717390048', u'1759598231']"
333,1759598231,1759597763,21.312048091680374,"[u'1759598231', u'2717390048', u'1759597729', u'1759597531', u'1759597763']"
334,1759598231,1759597985,11.578357195969811,"[u'1759598231', u'1759597812', u'2717390051', u'1759597985']"
335,1759597985,1759598231,11.57835719587639,"[u'1759597985', u'2717390051', u'1759597812', u'1759598231']"
336,1759597985,1759597542,18.843370065913348,"[u'1759597985', u'1759598154', u'1759598053', u'2717390053', u'1759597542']"
337,1759597542,1759597985,18.84337006591145,"[u'1759597542', u'2717390053', u'1759598053', u'1759598154', u'1759597985']"
338,1759597542,1759598126,22.58966495138687,"[u'1759597542', u'1759597626', u'1759598039', u'1759598083', u'1759598126']"
339,1759598126,1759597542,22.589664951364092,"[u'1759598126', u'1759598083', u'1759598039', u'1759597626', u'1759597542']"
340,1759598197,1759597706,113.42791174218593,"[u'1759598197', u'1759598138', u'1759597661', u'1759597512', u'1759598033', u'1759597706']"
341,1759597706,1759598197,113.42791174233153,"[u'1759597706', u'1759598033', u'1759597512', u'1759597661', u'1759598138', u'1759598197']"
342,1759597623,1759597965,49.720859750155505,"[u'1759597623', u'1759597767', u'1759597622', u'1759597965']"
343,1759597965,1759597623,49.720859750308776,"[u'1759597965', u'1759597622', u'1759597767', u'1759597623']"
344,1759597965,1759597981,85.11325267737666,"[u'1759597965', u'1759597854', u'1759597773', u'1759598222', u'1759597981']"
345,1759597981,1759597965,85.11325267690488,"[u'1759597981', u'1759598222', u'1759597773', u'1759597854', u'1759597965']"
346,1759597584,3878436132,14.795831195966727,"[u'1759597584', u'3878436132']"
347,3878436132,1759597584,14.795831195867484,"[u'3878436132', u'1759597584']"
348,1759597813,1759597571,27.451692242292463,"[u'1759597813', u'1759597571']"
349,1759597571,1759597813,27.45169224232389,"[u'1759597571', u'1759597813']"
350,1759597737,1759597726,545.7975199841371,"[u'1759597737', u'1759597842', u'1759597726']"
351,1759597726,1759597737,545.7975199841206,"[u'1759597726', u'1759597842', u'1759597737']"
352,1759597726,1759597674,9.959411740645233,"[u'1759597726', u'1759597674']"
353,1759597674,1759597726,9.959411740644853,"[u'1759597674', u'1759597726']"
354,1759598197,1759597544,76.68900845966816,"[u'1759598197', u'1759597544']"
355,1759597544,1759598197,76.6890084597373,"[u'1759597544', u'1759598197']"
356,1759597581,1486922499,222.22628913622478,"[u'1759597581', u'2717807845', u'1759598062', u'1759597768', u'1759597591', u'1759597645', u'1759597641', u'1759598035', u'1759597859', u'1759597545', u'2717421805', u'1759597939', u'1759597983', u'1486922499']"
357,1486922499,1759597581,222.22628913588477,"[u'1486922499', u'1759597983', u'1759597939', u'2717421805', u'1759597545', u'1759597859', u'1759598035', u'1759597641', u'1759597645', u'1759597591', u'1759597768', u'1759598062', u'2717807845', u'1759597581']"
358,499158759,1187045165,431.7033636376159,"[u'499158759', u'1187061170', u'499158764', u'1187061261', u'499158768', u'1187061218', u'1187061187', u'499158775', u'499158780', u'1187045165']"
359,1187045165,499158759,431.7033636371367,"[u'1187045165', u'499158780', u'499158775', u'1187061187', u'1187061218', u'499158768', u'1187061261', u'499158764', u'1187061170', u'499158759']"
360,1797189479,1759597674,139.46348144666393,"[u'1797189479', u'1797189475', u'1797189476', u'1797189477', u'1797189478', u'1797189480', u'1797189482', u'1797189483', u'1797189484', u'3879204088', u'1759597674']"
361,1759597674,1797189479,139.46348144610465,"[u'1759597674', u'3879204088', u'1797189484', u'1797189483', u'1797189482', u'1797189480', u'1797189478', u'1797189477', u'1797189476', u'1797189475', u'1797189479']"
362,1759597945,1797189456,344.18540846393,"[u'1759597945', u'1759597667', u'1797189472', u'1797189471', u'1797189470', u'1759598226', u'1759597934', u'1797189469', u'1797189468', u'1797189467', u'1759597811', u'1759597670', u'2717907288', u'2717907138', u'1797189464', u'1797189462', u'1797189459', u'1797189453', u'1797189450', u'1797189447', u'1797189444', u'1797189441', u'1797189446', u'1797189452', u'1797189454', u'1797189458', u'1797189456']"
363,1797189456,1759597945,344.1854084638614,"[u'1797189456', u'1797189458', u'1797189454', u'1797189452', u'1797189446', u'1797189441', u'1797189444', u'1797189447', u'1797189450', u'1797189453', u'1797189459', u'1797189462', u'1797189464', u'2717907138', u'2717907288', u'1759597670', u'1759597811', u'1797189467', u'1797189468', u'1797189469', u'1759597934', u'1759598226', u'1797189470', u'1797189471', u'1797189472', u'1759597667', u'1759597945']"
364,1797189456,1759597945,245.1080603074961,"[u'1797189456', u'1797189455', u'1797189448', u'1797189449', u'1797189451', u'1797189457', u'1797189460', u'1797189461', u'1797189463', u'1797189465', u'1797189466', u'2717907110', u'2614584214', u'2614583829', u'1759597945']"
365,1759597945,1797189456,245.10806030725055,"[u'1759597945', u'2614583829', u'2614584214', u'2717907110', u'1797189466', u'1797189465', u'1797189463', u'1797189461', u'1797189460', u'1797189457', u'1797189451', u'1797189449', u'1797189448', u'1797189455', u'1797189456']"
366,1759597945,1797189479,12.916102376432544,"[u'1759597945', u'1797189473', u'1797189479']"
367,1797189479,1759597945,12.916102376253416,"[u'1797189479', u'1797189473', u'1759597945']"
368,1759597941,1759598037,10.653845994362355,"[u'1759597941', u'1759598037']"
369,1759598037,1759597941,10.653845994419186,"[u'1759598037', u'1759597941']"
370,1759598037,1759598056,518.9180859622945,"[u'1759598037', u'1759597503', u'1759597559', u'1759597772', u'1759598027', u'1759598056']"
371,1759598056,1759598037,518.9180859623924,"[u'1759598056', u'1759598027', u'1759597772', u'1759597559', u'1759597503', u'1759598037']"
372,1187044733,1797222854,43.90697084979202,"[u'1187044733', u'1797222844', u'1797222846', u'1797222848', u'1797222852', u'1797222854']"
373,1797222854,1187044733,43.90697085007817,"[u'1797222854', u'1797222852', u'1797222848', u'1797222846', u'1797222844', u'1187044733']"
374,1797222854,1797222867,10.468195792191871,"[u'1797222854', u'1797222865', u'1797222867']"
375,1797222867,1797222854,10.468195792034223,"[u'1797222867', u'1797222865', u'1797222854']"
376,1797222867,1797222842,46.62373554620004,"[u'1797222867', u'1797222869', u'1797222868', u'1797222866', u'1797222864', u'1797222850', u'1797222842']"
377,1797222842,1797222867,46.62373554611709,"[u'1797222842', u'1797222850', u'1797222864', u'1797222866', u'1797222868', u'1797222869', u'1797222867']"
378,1759598231,1797222867,36.66829977718251,"[u'1759598231', u'1797222867']"
379,1797222867,1759598231,36.66829977706795,"[u'1797222867', u'1759598231']"
380,1797222854,1759597985,36.74084439726228,"[u'1797222854', u'1759597985']"
381,1759597985,1797222854,36.740844396887574,"[u'1759597985', u'1797222854']"
382,2614586196,2614586200,38.67299800021992,"[u'2614586196', u'2614586200']"
383,2614586200,2614586196,38.67299800038109,"[u'2614586200', u'2614586196']"
384,1486922499,1486922498,38.339647483995215,"[u'1486922499', u'1486922498']"
385,1486922498,1486922499,38.33964748430596,"[u'1486922498', u'1486922499']"
386,1486922499,1759597567,101.2924214375657,"[u'1486922499', u'1759597567']"
387,1759597567,1486922499,101.29242143784083,"[u'1759597567', u'1486922499']"
388,1486922498,1487066340,11.929416959988824,"[u'1486922498', u'1487066340']"
389,1487066340,1486922498,11.92941696017021,"[u'1487066340', u'1486922498']"
390,1486922498,1486922483,272.0609358829374,"[u'1486922498', u'1486922497', u'1486922496', u'1486922495', u'1486919379', u'1486922492', u'1486922490', u'1486919368', u'1486922489', u'1486922488', u'1486922487', u'1486922486', u'1486922485', u'1486922484', u'1486922483']"
391,1486922483,1486922498,272.060935883224,"[u'1486922483', u'1486922484', u'1486922485', u'1486922486', u'1486922487', u'1486922488', u'1486922489', u'1486919368', u'1486922490', u'1486922492', u'1486919379', u'1486922495', u'1486922496', u'1486922497', u'1486922498']"
392,1486922483,1487328506,432.0831628744377,"[u'1486922483', u'1486922482', u'2717807950', u'1486922481', u'1486922480', u'1486922479', u'1486922478', u'1486922475', u'1486922474', u'1486922473', u'1486922472', u'2717808146', u'1486922471', u'1486922464', u'1486922466', u'1486922468', u'1486922462', u'1486922460', u'1486922458', u'1486922452', u'1486922450', u'1486922454', u'1486922447', u'1486922446', u'1486922444', u'1487328506']"
393,1487328506,1486922483,432.0831628756232,"[u'1487328506', u'1486922444', u'1486922446', u'1486922447', u'1486922454', u'1486922450', u'1486922452', u'1486922458', u'1486922460', u'1486922462', u'1486922468', u'1486922466', u'1486922464', u'1486922471', u'2717808146', u'1486922472', u'1486922473', u'1486922474', u'1486922475', u'1486922478', u'1486922479', u'1486922480', u'1486922481', u'2717807950', u'1486922482', u'1486922483']"
394,2695865761,2695865765,17.933891704155815,"[u'2695865761', u'2695865762', u'2695865763', u'2695865764', u'2695865765']"
395,2695865765,2695865761,17.933891704619825,"[u'2695865765', u'2695865764', u'2695865763', u'2695865762', u'2695865761']"
396,2695865765,2695865768,16.930330670424237,"[u'2695865765', u'2695865766', u'2695865769', u'2695865767', u'2695865768']"
397,2695865768,2695865765,16.930330670871044,"[u'2695865768', u'2695865767', u'2695865769', u'2695865766', u'2695865765']"
398,2695865770,2695865771,96.89989576291667,"[u'2695865770', u'2718016397', u'2717864043', u'2695865771']"
399,2695865771,2695865770,96.89989576298771,"[u'2695865771', u'2717864043', u'2718016397', u'2695865770']"
400,2695865771,2695865765,50.63502681096953,"[u'2695865771', u'2695865765']"
401,2695865765,2695865771,50.63502681098576,"[u'2695865765', u'2695865771']"
402,2695865765,1759597957,11.306194697817737,"[u'2695865765', u'1759597957']"
403,1759597957,2695865765,11.30619469784127,"[u'1759597957', u'2695865765']"
404,2695865771,2695865773,72.42021830218091,"[u'2695865771', u'2695865773']"
405,2695865773,2695865771,72.42021830210076,"[u'2695865773', u'2695865771']"
406,2696067984,1759597636,77.91703199621234,"[u'2696067984', u'2696067985', u'2696067986', u'2696067990', u'2696067987', u'2696067988', u'2696067989', u'1759597636']"
407,1759597636,2696067984,77.91703199625667,"[u'1759597636', u'2696067989', u'2696067988', u'2696067987', u'2696067990', u'2696067986', u'2696067985', u'2696067984']"
408,2696067983,2696067984,25.16307759662361,"[u'2696067983', u'2696067984']"
409,2696067984,2696067983,25.163077596631688,"[u'2696067984', u'2696067983']"
410,2696067978,2696067979,17.324381580907485,"[u'2696067978', u'2696067979']"
411,2696067979,2696067978,17.324381581020862,"[u'2696067979', u'2696067978']"
412,2696067979,2696067983,87.05706067125385,"[u'2696067979', u'2696067980', u'2696067981', u'2696067982', u'2696067983']"
413,2696067983,2696067979,87.0570606712183,"[u'2696067983', u'2696067982', u'2696067981', u'2696067980', u'2696067979']"
414,1797189456,2696142195,37.035318932695446,"[u'1797189456', u'2696142198', u'2696142195']"
415,2696142195,1797189456,37.03531893265904,"[u'2696142195', u'2696142198', u'1797189456']"
416,2696142195,2696142196,22.496355237658953,"[u'2696142195', u'2696142196']"
417,2696142196,2696142195,22.49635523809311,"[u'2696142196', u'2696142195']"
418,2696142196,1797203231,10.105135490000977,"[u'2696142196', u'1797203231']"
419,1797203231,2696142196,10.10513548952432,"[u'1797203231', u'2696142196']"
420,2717390067,2717390065,190.10862908538792,"[u'2717390067', u'2719194264', u'2717390065']"
421,2717390065,2717390067,190.10862908526644,"[u'2717390065', u'2719194264', u'2717390067']"
422,2717390065,2703797224,202.06263601205518,"[u'2717390065', u'2717390063', u'2717390062', u'2717390060', u'2717390057', u'2703797224']"
423,2703797224,2717390065,202.06263601220468,"[u'2703797224', u'2717390057', u'2717390060', u'2717390062', u'2717390063', u'2717390065']"
424,2703797224,2703797225,126.10538498503132,"[u'2703797224', u'2703797225']"
425,2703797225,2703797224,126.10538498519477,"[u'2703797225', u'2703797224']"
426,2703797225,2703797226,6.7246520463273765,"[u'2703797225', u'2703797226']"
427,2703797226,2703797225,6.72465204623613,"[u'2703797226', u'2703797225']"
428,1487328506,1487328508,9.79241698005595,"[u'1487328506', u'1487328508']"
429,1487328508,1487328506,9.792416980066012,"[u'1487328508', u'1487328506']"
430,1487328508,2614586196,226.056039508093,"[u'1487328508', u'1759597639', u'1759597798', u'1759597819', u'1759597887', u'1759598018', u'1759598059', u'1759598168', u'2614586196']"
431,2614586196,1487328508,226.05603950780915,"[u'2614586196', u'1759598168', u'1759598059', u'1759598018', u'1759597887', u'1759597819', u'1759597798', u'1759597639', u'1487328508']"
432,2614586196,1759597845,518.9797559545478,"[u'2614586196', u'1759597546', u'1759597671', u'1759597730', u'1759597942', u'1759597860', u'3880367469', u'1759597647', u'1759597977', u'1759597955', u'1759597989', u'1759597961', u'3879213217', u'1759597845']"
433,1759597845,2614586196,518.9797559547185,"[u'1759597845', u'3879213217', u'1759597961', u'1759597989', u'1759597955', u'1759597977', u'1759597647', u'3880367469', u'1759597860', u'1759597942', u'1759597730', u'1759597671', u'1759597546', u'2614586196']"
434,1759597845,2717928772,90.79088302045486,"[u'1759597845', u'2717928773', u'2717928772']"
435,2717928772,1759597845,90.79088302056935,"[u'2717928772', u'2717928773', u'1759597845']"
436,2717928772,1759597979,29.364508005974322,"[u'2717928772', u'1759597979']"
437,1759597979,2717928772,29.36450800608621,"[u'1759597979', u'2717928772']"
438,1759597979,1759598121,222.00055994934993,"[u'1759597979', u'1759598121']"
439,1759598121,1759597979,222.00055994934525,"[u'1759598121', u'1759597979']"
440,1759598121,1759597852,10.93998742505228,"[u'1759598121', u'1759597852']"
441,1759597852,1759598121,10.939987425087656,"[u'1759597852', u'1759598121']"
442,1759597852,1759597608,178.4792257331462,"[u'1759597852', u'2717558615', u'2717544107', u'2717862466', u'2717862473', u'1759597608']"
443,1759597608,1759597852,178.47922573375402,"[u'1759597608', u'2717862473', u'2717862466', u'2717544107', u'2717558615', u'1759597852']"
444,1759597706,1759598009,29.608470185702537,"[u'1759597706', u'1759598009']"
445,1759598009,1759597706,29.60847018600767,"[u'1759598009', u'1759597706']"
446,1759598009,1759597623,674.1893990624959,"[u'1759598009', u'3879213214', u'1759598117', u'1759597975', u'1759598237', u'1759597877', u'1759598132', u'1759597514', u'1759597899', u'1759597628', u'1759597874', u'1759597998', u'1759597623']"
447,1759597623,1759598009,674.1893990633134,"[u'1759597623', u'1759597998', u'1759597874', u'1759597628', u'1759597899', u'1759597514', u'1759598132', u'1759597877', u'1759598237', u'1759597975', u'1759598117', u'3879213214', u'1759598009']"
448,2696067979,2717862538,99.99572752159509,"[u'2696067979', u'2717862535', u'2717862536', u'2717862537', u'2717862538']"
449,2717862538,2696067979,99.99572752186585,"[u'2717862538', u'2717862537', u'2717862536', u'2717862535', u'2696067979']"
450,2717862538,1759597722,117.84069365675288,"[u'2717862538', u'2717862539', u'2717862540', u'2717862541', u'1759597722']"
451,1759597722,2717862538,117.84069365671436,"[u'1759597722', u'2717862541', u'2717862540', u'2717862539', u'2717862538']"
452,1759597722,1797189479,18.35277207568995,"[u'1759597722', u'2717862542', u'2717862543', u'2717862544', u'1797189479']"
453,1797189479,1759597722,18.352772076008165,"[u'1797189479', u'2717862544', u'2717862543', u'2717862542', u'1759597722']"
454,2717928771,2717928772,123.56029683812703,"[u'2717928771', u'2717928775', u'2717928772']"
455,2717928772,2717928771,123.56029683843445,"[u'2717928772', u'2717928775', u'2717928771']"
456,2719194246,2719194263,48.50929806327848,"[u'2719194246', u'2719194263']"
457,2719194263,2719194246,48.50929806379884,"[u'2719194263', u'2719194246']"
458,2719194263,2719194247,58.71208852458701,"[u'2719194263', u'2719194247']"
459,2719194247,2719194263,58.712088524243526,"[u'2719194247', u'2719194263']"
460,2719194248,2719194262,138.4969025140795,"[u'2719194248', u'2719194249', u'2719194250', u'2719194251', u'2719194252', u'2719194253', u'2719194254', u'2719194255', u'2719194256', u'2719194257', u'2719194258', u'2719194259', u'2719194260', u'2719194261', u'2719194262']"
461,2719194262,2719194248,138.49690251434347,"[u'2719194262', u'2719194261', u'2719194260', u'2719194259', u'2719194258', u'2719194257', u'2719194256', u'2719194255', u'2719194254', u'2719194253', u'2719194252', u'2719194251', u'2719194250', u'2719194249', u'2719194248']"
462,2719194248,2719194263,19.743619351055905,"[u'2719194248', u'2719194263']"
463,2719194263,2719194248,19.743619350898058,"[u'2719194263', u'2719194248']"
464,1759597838,1759598245,137.41665433391063,"[u'1759597838', u'1759598242', u'1759598185', u'1759598042', u'1759597769', u'1759598245']"
465,1759598245,1759597838,137.41665433426178,"[u'1759598245', u'1759597769', u'1759598042', u'1759598185', u'1759598242', u'1759597838']"
466,1759598245,1759597771,129.7974622371051,"[u'1759598245', u'2717862446', u'1759597771']"
467,1759597771,1759598245,129.79746223751405,"[u'1759597771', u'2717862446', u'1759598245']"
468,1759597771,1759597818,8.355237988454558,"[u'1759597771', u'1759597818']"
469,1759597818,1759597771,8.355237988264108,"[u'1759597818', u'1759597771']"
470,1759597838,2717390065,118.30976624296451,"[u'1759597838', u'2717390065']"
471,2717390065,1759597838,118.30976624296552,"[u'2717390065', u'1759597838']"
472,2717390065,1759598234,27.154004361880432,"[u'2717390065', u'1759598234']"
473,1759598234,2717390065,27.154004361870918,"[u'1759598234', u'2717390065']"
474,3459234286,3459234288,10.213200825697514,"[u'3459234286', u'3459234288']"
475,3459234288,3459234286,10.213200825697072,"[u'3459234288', u'3459234286']"
476,3459234288,3459236793,394.85201604387004,"[u'3459234288', u'3459234289', u'3459234290', u'3459234292', u'3459236593', u'3459236595', u'3459236596', u'3459236598', u'3459236601', u'3459235790', u'3459236793']"
477,3459236793,3459234288,394.85201604360657,"[u'3459236793', u'3459235790', u'3459236601', u'3459236598', u'3459236596', u'3459236595', u'3459236593', u'3459234292', u'3459234290', u'3459234289', u'3459234288']"
478,3288695771,3288686458,186.725834629306,"[u'3288695771', u'3288695768', u'3288695766', u'3288695763', u'3288695761', u'3288686458']"
479,3288686458,3288695771,186.72583462937098,"[u'3288686458', u'3288695761', u'3288695763', u'3288695766', u'3288695768', u'3288695771']"
480,3288686458,3490623749,731.1529826772779,"[u'3288686458', u'3288686456', u'3288686451', u'3288686447', u'3288686446', u'3288686445', u'3288686443', u'3288686440', u'3288686437', u'3490623749']"
481,3490623749,3288686458,731.1529826772687,"[u'3490623749', u'3288686437', u'3288686440', u'3288686443', u'3288686445', u'3288686446', u'3288686447', u'3288686451', u'3288686456', u'3288686458']"
482,3490623749,3288686434,196.66728405640532,"[u'3490623749', u'3288686434']"
483,3288686434,3490623749,196.6672840564089,"[u'3288686434', u'3490623749']"
484,3459183640,3459182348,496.880915151713,"[u'3459183640', u'3459183642', u'3459183645', u'3459183646', u'3459183648', u'3459183649', u'3459183650', u'3459183651', u'3459183652', u'3459183991', u'3459183993', u'3459183994', u'3459183995', u'3459183997', u'3459183998', u'3459184000', u'3459182340', u'3459182341', u'3459182344', u'3459182345', u'3459182348']"
485,3459182348,3459183640,496.8809151525296,"[u'3459182348', u'3459182345', u'3459182344', u'3459182341', u'3459182340', u'3459184000', u'3459183998', u'3459183997', u'3459183995', u'3459183994', u'3459183993', u'3459183991', u'3459183652', u'3459183651', u'3459183650', u'3459183649', u'3459183648', u'3459183646', u'3459183645', u'3459183642', u'3459183640']"
486,3459236602,1759597674,389.30593287681813,"[u'3459236602', u'3459236600', u'3459236599', u'3459236597', u'3459236594', u'3459234291', u'3459234287', u'3459234285', u'3459234284', u'3459234283', u'1759597674']"
487,1759597674,3459236602,389.3059328767054,"[u'1759597674', u'3459234283', u'3459234284', u'3459234285', u'3459234287', u'3459234291', u'3459236594', u'3459236597', u'3459236599', u'3459236600', u'3459236602']"
488,3288686439,3490623752,193.96307054450273,"[u'3288686439', u'3288686442', u'3490623752']"
489,3490623752,3288686439,193.96307054448698,"[u'3490623752', u'3288686442', u'3288686439']"
490,3490623752,4039265053,728.9650022381076,"[u'3490623752', u'3288686444', u'3288686450', u'3288686452', u'3288686453', u'3288686455', u'3288686457', u'3288686459', u'4039265053']"
491,4039265053,3490623752,728.9650022380632,"[u'4039265053', u'3288686459', u'3288686457', u'3288686455', u'3288686453', u'3288686452', u'3288686450', u'3288686444', u'3490623752']"
492,4039265053,3288695774,184.89531300148406,"[u'4039265053', u'3288695762', u'3288695764', u'3288695767', u'3288695769', u'3288695774']"
493,3288695774,4039265053,184.89531300131122,"[u'3288695774', u'3288695769', u'3288695767', u'3288695764', u'3288695762', u'4039265053']"
494,3459235788,3459236602,34.93321899000243,"[u'3459235788', u'3459236602']"
495,3459236602,3459235788,34.933218989961674,"[u'3459236602', u'3459235788']"
496,3288686438,3288686439,29.078110541066387,"[u'3288686438', u'3288686439']"
497,3288686439,3288686438,29.078110541074242,"[u'3288686439', u'3288686438']"
498,3459236793,3459236794,34.074377028338134,"[u'3459236793', u'3459236794']"
499,3459236794,3459236793,34.07437702835499,"[u'3459236794', u'3459236793']"
500,3288686434,3288686433,28.670444347462325,"[u'3288686434', u'3288686433']"
501,3288686433,3288686434,28.670444347472507,"[u'3288686433', u'3288686434']"
502,3459236794,3459236796,71.90645923743892,"[u'3459236794', u'3459236795', u'3459236796']"
503,3459236796,3459236794,71.90645923748568,"[u'3459236796', u'3459236795', u'3459236794']"
504,3459236796,3288686438,222.0032320445182,"[u'3459236796', u'3288686436', u'3288686438']"
505,3288686438,3459236796,222.00323204453383,"[u'3288686438', u'3288686436', u'3459236796']"
506,3288686433,3459235792,219.62226567822842,"[u'3288686433', u'3288686432', u'3459235792']"
507,3459235792,3288686433,219.62226567821915,"[u'3459235792', u'3288686432', u'3288686433']"
508,3459235792,3459235788,79.31543929538836,"[u'3459235792', u'3459235791', u'3459235788']"
509,3459235788,3459235792,79.31543929539467,"[u'3459235788', u'3459235791', u'3459235792']"
510,3490623764,3490623752,383.5517635317954,"[u'3490623764', u'3490629403', u'3490623752']"
511,3490623752,3490623764,383.55176353265614,"[u'3490623752', u'3490629403', u'3490623764']"
512,3490623752,3490623749,13.037641405368044,"[u'3490623752', u'3490623749']"
513,3490623749,3490623752,13.03764140593371,"[u'3490623749', u'3490623752']"
514,3459235792,3459236796,15.760620974207125,"[u'3459235792', u'3459236796']"
515,3459236796,3459235792,15.760620974190836,"[u'3459236796', u'3459235792']"
516,3459236796,3490629399,303.18988283564374,"[u'3459236796', u'3490623753', u'3490623758', u'3490614131', u'3490629399']"
517,3490629399,3459236796,303.18988283577585,"[u'3490629399', u'3490614131', u'3490623758', u'3490623753', u'3459236796']"
518,3878436132,1759597739,111.40486550096958,"[u'3878436132', u'1759597759', u'1759598220', u'1759598011', u'1759597918', u'3879213216', u'1759597739']"
519,1759597739,3878436132,111.40486550063031,"[u'1759597739', u'3879213216', u'1759597918', u'1759598011', u'1759598220', u'1759597759', u'3878436132']"
520,1759597690,3878436152,15.932335142712091,"[u'1759597690', u'3878436152']"
521,3878436152,1759597690,15.932335143059646,"[u'3878436152', u'1759597690']"
522,1759597920,1487314710,265.5006507568913,"[u'1759597920', u'3878436155', u'1487314710']"
523,1487314710,1759597920,265.5006507568913,"[u'1487314710', u'3878436155', u'1759597920']"
524,1487314710,3878436153,85.11674893279714,"[u'1487314710', u'1487314711', u'3878436153']"
525,3878436153,1487314710,85.11674893279714,"[u'3878436153', u'1487314711', u'1487314710']"
526,1759597604,2703796554,244.25385947379596,"[u'1759597604', u'3878436154', u'2703796554']"
527,2703796554,1759597604,244.25385947465583,"[u'2703796554', u'3878436154', u'1759597604']"
528,4039264989,4039264998,81.4754764398863,"[u'4039264989', u'4039264998']"
529,4039264998,4039264989,81.47547643983059,"[u'4039264998', u'4039264989']"
530,4039264998,4039265010,456.4775556005541,"[u'4039264998', u'4039265015', u'4039265010']"
531,4039265010,4039264998,456.47755560024666,"[u'4039265010', u'4039265015', u'4039264998']"
532,4039265066,4039264998,922.4022800689277,"[u'4039265066', u'4039265020', u'4039265023', u'4039265035', u'4039265042', u'4039265004', u'4039265033', u'4039265034', u'4039264990', u'4039264991', u'4039264982', u'4039265043', u'4039264998']"
533,4039264998,4039265066,922.4022800686965,"[u'4039264998', u'4039265043', u'4039264982', u'4039264991', u'4039264990', u'4039265034', u'4039265033', u'4039265004', u'4039265042', u'4039265035', u'4039265023', u'4039265020', u'4039265066']"
534,3288686458,4039265053,10.23721288888549,"[u'3288686458', u'4039265053']"
535,4039265053,3288686458,10.237212888770093,"[u'4039265053', u'3288686458']"
536,1455057638,499158783,748.5481687633403,"[u'1455057638', u'499158783']"
537,499158783,1455057638,748.5481687632736,"[u'499158783', u'1455057638']"
538,499158783,1187044987,10.648177805513518,"[u'499158783', u'1187044987']"
539,1187044987,499158783,10.648177805586318,"[u'1187044987', u'499158783']"
540,1187044390,1455057638,249.40226286530006,"[u'1187044390', u'1751009006', u'1455057638']"
541,1455057638,1187044390,249.40226286559925,"[u'1455057638', u'1751009006', u'1187044390']"
542,1246571008,1187044372,102.25564602736935,"[u'1246571008', u'1187044372']"
543,1187044372,1246571008,102.25564602716527,"[u'1187044372', u'1246571008']"
544,1246570831,1187044987,300.07354221181333,"[u'1246570831', u'1187044987']"
545,1187044987,1246570831,300.0735422118172,"[u'1187044987', u'1246570831']"
546,1455057638,1187044733,18.546738721773053,"[u'1455057638', u'1187044733']"
547,1187044733,1455057638,18.546738722161123,"[u'1187044733', u'1455057638']"
548,1455069224,1455057638,414.9988506959181,"[u'1455069224', u'1827278620', u'1455057638']"
549,1455057638,1455069224,414.9988506962069,"[u'1455057638', u'1827278620', u'1455069224']"
