id,oneway,category,nodes
0,False,trunk,"[u'1187045165', u'1187044390']"
1,False,trunk,"[u'1187044390', u'1187045165']"
2,False,trunk,"[u'1187044733', u'1797222842']"
3,False,trunk,"[u'1797222842', u'1187044733']"
4,False,trunk,"[u'1797222842', u'1187045164', u'1187044863']"
5,False,trunk,"[u'1187044863', u'1187045164', u'1797222842']"
6,False,trunk,"[u'1187044978', u'1187044726', u'1187061162', u'1187061194', u'1187061253', u'1187061223', u'1187061183']"
7,False,trunk,"[u'1187061183', u'1187061223', u'1187061253', u'1187061194', u'1187061162', u'1187044726', u'1187044978']"
8,False,trunk,"[u'1187061183', u'1187061211', u'1187061243', u'1187061184', u'1187061149', u'1187061210', u'1187061174', u'1187061221', u'1187061161', u'1187061181', u'1187061236', u'3459182336', u'1187061255']"
9,False,trunk,"[u'1187061255', u'3459182336', u'1187061236', u'1187061181', u'1187061161', u'1187061221', u'1187061174', u'1187061210', u'1187061149', u'1187061184', u'1187061243', u'1187061211', u'1187061183']"
10,False,trunk,"[u'1187044372', u'1187044733']"
11,False,trunk,"[u'1187044733', u'1187044372']"
12,False,trunk,"[u'1187045195', u'1187044507', u'1187044881', u'1751008985', u'1187044749']"
13,False,trunk,"[u'1187044749', u'1751008985', u'1187044881', u'1187044507', u'1187045195']"
14,False,trunk,"[u'1187044749', u'1187044372']"
15,False,trunk,"[u'1187044372', u'1187044749']"
16,False,trunk,"[u'1187044863', u'1187044978']"
17,False,trunk,"[u'1187044978', u'1187044863']"
18,False,trunk,"[u'1187044987', u'1751008982', u'1187045087', u'1187044775', u'499158786']"
19,False,trunk,"[u'499158786', u'1187044775', u'1187045087', u'1751008982', u'1187044987']"
20,False,trunk,"[u'499158740', u'1187061213', u'499158746', u'1187061157', u'1187061177', u'499158754', u'1187061201', u'1187061232', u'499158759']"
21,False,trunk,"[u'499158759', u'1187061232', u'1187061201', u'499158754', u'1187061177', u'1187061157', u'499158746', u'1187061213', u'499158740']"
22,False,primary,"[u'1187044372', u'499158783']"
23,False,primary,"[u'499158783', u'1187044372']"
24,False,primary,"[u'499158783', u'1827278615', u'1455069223']"
25,False,primary,"[u'1455069223', u'1827278615', u'499158783']"
26,False,primary,"[u'1455069223', u'1827278612', u'1246570944']"
27,False,primary,"[u'1246570944', u'1827278612', u'1455069223']"
28,False,primary,"[u'1246571058', u'1246571008']"
29,False,primary,"[u'1246571008', u'1246571058']"
30,False,primary,"[u'368906068', u'1246570865']"
31,False,primary,"[u'1246570865', u'368906068']"
32,False,primary,"[u'1246571050', u'1246571093', u'1246571073', u'1246570965', u'1246570863', u'1246570826']"
33,False,primary,"[u'1246570826', u'1246570863', u'1246570965', u'1246571073', u'1246571093', u'1246571050']"
34,False,primary,"[u'1246570930', u'1246571007', u'1246570893', u'1246570976', u'625789927', u'2614586200']"
35,False,primary,"[u'2614586200', u'625789927', u'1246570976', u'1246570893', u'1246571007', u'1246570930']"
36,False,primary,"[u'2614586200', u'1246571058']"
37,False,primary,"[u'1246571058', u'2614586200']"
38,False,primary,"[u'1246570903', u'1246570858', u'1246571066', u'1246570952', u'1246571027', u'1246570998', u'1246570817', u'1246570985', u'3880367468', u'1246571019', u'1246570905', u'1759598037']"
39,False,primary,"[u'1759598037', u'1246570905', u'1246571019', u'3880367468', u'1246570985', u'1246570817', u'1246570998', u'1246571027', u'1246570952', u'1246571066', u'1246570858', u'1246570903']"
40,False,primary,"[u'1759598037', u'1246570915']"
41,False,primary,"[u'1246570915', u'1759598037']"
42,False,primary,"[u'1246570865', u'1759597941']"
43,False,primary,"[u'1759597941', u'1246570865']"
44,False,primary,"[u'1759597941', u'625789923', u'1246570910', u'3880367467', u'1246570883', u'1246571082', u'1246571065', u'1246571088', u'1246570853', u'625789925', u'1246570803']"
45,False,primary,"[u'1246570803', u'625789925', u'1246570853', u'1246571088', u'1246571065', u'1246571082', u'1246570883', u'3880367467', u'1246570910', u'625789923', u'1759597941']"
46,False,primary,"[u'1246570891', u'1246571050']"
47,False,primary,"[u'1246571050', u'1246570891']"
48,False,primary,"[u'1246570915', u'1246570837']"
49,False,primary,"[u'1246570837', u'1246570915']"
50,False,primary,"[u'1246570837', u'1759597726']"
51,False,primary,"[u'1759597726', u'1246570837']"
52,False,primary,"[u'1759597726', u'3459234286']"
53,False,primary,"[u'3459234286', u'1759597726']"
54,False,primary,"[u'3459234286', u'1246570875']"
55,False,primary,"[u'1246570875', u'3459234286']"
56,False,primary,"[u'1246570803', u'1246570930']"
57,False,primary,"[u'1246570930', u'1246570803']"
58,False,primary,"[u'1246570947', u'3459234288']"
59,False,primary,"[u'3459234288', u'1246570947']"
60,False,primary,"[u'3459234288', u'1759597674']"
61,False,primary,"[u'1759597674', u'3459234288']"
62,False,primary,"[u'1759597674', u'368906068']"
63,False,primary,"[u'368906068', u'1759597674']"
64,False,primary,"[u'1187044987', u'1187044749']"
65,False,primary,"[u'1187044749', u'1187044987']"
66,False,primary,"[u'1187044749', u'1246570891']"
67,False,primary,"[u'1246570891', u'1187044749']"
68,False,primary,"[u'1246570826', u'1246570903']"
69,False,primary,"[u'1246570903', u'1246570826']"
70,False,tertiary,"[u'1455057526', u'1455057529', u'1455057530', u'1455057533', u'1455057540', u'1455057542', u'1455057543', u'1827278617', u'1455069224']"
71,False,tertiary,"[u'1455069224', u'1827278617', u'1455057543', u'1455057542', u'1455057540', u'1455057533', u'1455057530', u'1455057529', u'1455057526']"
72,False,residential,"[u'1455069224', u'1455069223']"
73,False,residential,"[u'1455069223', u'1455069224']"
74,False,residential,"[u'1455069215', u'1455069216', u'1455069217']"
75,False,residential,"[u'1455069217', u'1455069216', u'1455069215']"
76,False,residential,"[u'1455069217', u'1455069218', u'1455069220', u'1455069221', u'1455069222', u'1455069224']"
77,False,residential,"[u'1455069224', u'1455069222', u'1455069221', u'1455069220', u'1455069218', u'1455069217']"
78,False,residential,"[u'1455069190', u'1455069192', u'1455069193', u'1455069194', u'1455069195', u'1455069196', u'1455069197', u'1827278599', u'1827278608', u'1827278610', u'1455069198', u'1827287143', u'1455069199', u'1455069200', u'1455069201', u'1455069202', u'1455069203', u'1455069204', u'1455069205', u'1455069207', u'1455069208', u'1455069209', u'1455069210', u'1455069211', u'1455069212', u'1455069213', u'1455069214', u'1455069215']"
79,False,residential,"[u'1455069215', u'1455069214', u'1455069213', u'1455069212', u'1455069211', u'1455069210', u'1455069209', u'1455069208', u'1455069207', u'1455069205', u'1455069204', u'1455069203', u'1455069202', u'1455069201', u'1455069200', u'1455069199', u'1827287143', u'1455069198', u'1827278610', u'1827278608', u'1827278599', u'1455069197', u'1455069196', u'1455069195', u'1455069194', u'1455069193', u'1455069192', u'1455069190']"
80,False,footway,"[u'1486844876', u'1486844873', u'1486844870', u'1486844869', u'1486844864']"
81,False,footway,"[u'1486844864', u'1486844869', u'1486844870', u'1486844873', u'1486844876']"
82,False,footway,"[u'1486844864', u'1486844854', u'1486844850', u'1486844846', u'1486844845', u'1486844838']"
83,False,footway,"[u'1486844838', u'1486844845', u'1486844846', u'1486844850', u'1486844854', u'1486844864']"
84,False,footway,"[u'1486844838', u'1486844841']"
85,False,footway,"[u'1486844841', u'1486844838']"
86,False,footway,"[u'1486844894', u'1486844891', u'1486844890', u'1486844888', u'1486844889', u'1486844886']"
87,False,footway,"[u'1486844886', u'1486844889', u'1486844888', u'1486844890', u'1486844891', u'1486844894']"
88,False,footway,"[u'1486844886', u'1486844885', u'1486844883', u'1486844878', u'1487361101', u'1486844872', u'1486844867', u'1486844865', u'1486844862', u'1486844857', u'1486844855', u'1486844858', u'1486844864']"
89,False,footway,"[u'1486844864', u'1486844858', u'1486844855', u'1486844857', u'1486844862', u'1486844865', u'1486844867', u'1486844872', u'1487361101', u'1486844878', u'1486844883', u'1486844885', u'1486844886']"
90,False,footway,"[u'1486844864', u'1487351338', u'1487351340']"
91,False,footway,"[u'1487351340', u'1487351338', u'1486844864']"
92,False,footway,"[u'1486844896', u'1486844895', u'1486844886']"
93,False,footway,"[u'1486844886', u'1486844895', u'1486844896']"
94,False,footway,"[u'1486844886', u'1486844884', u'1486844880', u'1486844877', u'1486844875', u'1486844871', u'1486844866', u'1486844859', u'1486844853', u'1486844852', u'1486844847', u'1486844844', u'1486844843', u'1486844842', u'1486844836', u'1486844830']"
95,False,footway,"[u'1486844830', u'1486844836', u'1486844842', u'1486844843', u'1486844844', u'1486844847', u'1486844852', u'1486844853', u'1486844859', u'1486844866', u'1486844871', u'1486844875', u'1486844877', u'1486844880', u'1486844884', u'1486844886']"
96,False,footway,"[u'1486844830', u'1486844826', u'1486844825', u'1486844824', u'1486844823', u'1486844821', u'1486844820']"
97,False,footway,"[u'1486844820', u'1486844821', u'1486844823', u'1486844824', u'1486844825', u'1486844826', u'1486844830']"
98,False,footway,"[u'1486844830', u'1486844831', u'1486844832', u'1486844833', u'1486844835', u'1486844837', u'1486844838']"
99,False,footway,"[u'1486844838', u'1486844837', u'1486844835', u'1486844833', u'1486844832', u'1486844831', u'1486844830']"
100,False,service,"[u'2696131839', u'1486922518']"
101,False,service,"[u'1486922518', u'2696131839']"
102,False,service,"[u'1486922518', u'1486922519', u'1486922517', u'2696131837', u'1486922515']"
103,False,service,"[u'1486922515', u'2696131837', u'1486922517', u'1486922519', u'1486922518']"
104,False,service,"[u'1486922515', u'1486922514', u'1486922512']"
105,False,service,"[u'1486922512', u'1486922514', u'1486922515']"
106,False,service,"[u'1486922512', u'2696131838', u'1486922510']"
107,False,service,"[u'1486922510', u'2696131838', u'1486922512']"
108,False,service,"[u'1486922510', u'1486922508', u'1486922506', u'1486922502', u'1486922501', u'1486922500']"
109,False,service,"[u'1486922500', u'1486922501', u'1486922502', u'1486922506', u'1486922508', u'1486922510']"
110,False,service,"[u'1486922500', u'1486922503', u'1486922504', u'1486922505']"
111,False,service,"[u'1486922505', u'1486922504', u'1486922503', u'1486922500']"
112,False,service,"[u'1486922505', u'1487328537']"
113,False,service,"[u'1487328537', u'1486922505']"
114,False,service,"[u'1487328537', u'1486922509', u'1486922511', u'1486922513', u'1486922516']"
115,False,service,"[u'1486922516', u'1486922513', u'1486922511', u'1486922509', u'1487328537']"
116,False,service,"[u'1486922516', u'2696131839']"
117,False,service,"[u'2696131839', u'1486922516']"
118,False,service,"[u'1759597996', u'1486922498']"
119,False,service,"[u'1486922498', u'1759597996']"
120,False,service,"[u'1486922510', u'1487066351']"
121,False,service,"[u'1487066351', u'1486922510']"
122,False,service,"[u'1759597882', u'1759597815', u'1759597817', u'1759597665', u'1759597895', u'1759597583', u'1759597719', u'1759597676', u'1759597902', u'1759598199', u'1759597862', u'1759597504', u'1759597533', u'1759597774', u'1759597855']"
123,False,service,"[u'1759597855', u'1759597774', u'1759597533', u'1759597504', u'1759597862', u'1759598199', u'1759597902', u'1759597676', u'1759597719', u'1759597583', u'1759597895', u'1759597665', u'1759597817', u'1759597815', u'1759597882']"
124,False,service,"[u'1487066351', u'1487066347']"
125,False,service,"[u'1487066347', u'1487066351']"
126,False,service,"[u'1487066340', u'1487066349']"
127,False,service,"[u'1487066349', u'1487066340']"
128,False,service,"[u'1487066349', u'1486922500']"
129,False,service,"[u'1486922500', u'1487066349']"
130,False,service,"[u'1487066347', u'1486922499']"
131,False,service,"[u'1486922499', u'1487066347']"
132,False,steps,"[u'1486844820', u'1487314710']"
133,False,steps,"[u'1487314710', u'1486844820']"
134,False,service,"[u'1487328508', u'1487328512', u'1487328516', u'1487328518', u'1487328522', u'3879213219', u'1487328524', u'1487328530', u'1487328532', u'1487328535']"
135,False,service,"[u'1487328535', u'1487328532', u'1487328530', u'1487328524', u'3879213219', u'1487328522', u'1487328518', u'1487328516', u'1487328512', u'1487328508']"
136,False,service,"[u'1487328535', u'2717928771']"
137,False,service,"[u'2717928771', u'1487328535']"
138,False,service,"[u'2717928771', u'1487328537']"
139,False,service,"[u'1487328537', u'2717928771']"
140,False,service,"[u'1486922505', u'1487328534']"
141,False,service,"[u'1487328534', u'1486922505']"
142,False,service,"[u'1487328534', u'1487328531', u'1487328529', u'1487328523', u'1487328520', u'1487328517', u'1487328515', u'1487328511', u'1487328506']"
143,False,service,"[u'1487328506', u'1487328511', u'1487328515', u'1487328517', u'1487328520', u'1487328523', u'1487328529', u'1487328531', u'1487328534']"
144,False,service,"[u'1487328534', u'1487328535']"
145,False,service,"[u'1487328535', u'1487328534']"
146,False,service,"[u'1487328535', u'1759597845']"
147,False,service,"[u'1759597845', u'1487328535']"
148,False,service,"[u'1759597845', u'1759597600', u'1759597569', u'1759597745', u'3881263993', u'1759597724', u'1759598135', u'1759597629', u'1759597556', u'1759598228']"
149,False,service,"[u'1759598228', u'1759597556', u'1759597629', u'1759598135', u'1759597724', u'3881263993', u'1759597745', u'1759597569', u'1759597600', u'1759597845']"
150,False,service,"[u'1487328534', u'1487328526', u'1487328525', u'1486844841']"
151,False,service,"[u'1486844841', u'1487328525', u'1487328526', u'1487328534']"
152,False,service,"[u'1486844841', u'1487328519', u'1487328514', u'3878436153']"
153,False,service,"[u'3878436153', u'1487328514', u'1487328519', u'1486844841']"
154,False,service,"[u'3878436153', u'1487328510']"
155,False,service,"[u'1487328510', u'3878436153']"
156,False,service,"[u'1759597855', u'1759597581']"
157,False,service,"[u'1759597581', u'1759597855']"
158,False,service,"[u'1759597889', u'1759598071', u'1797222870', u'1759597543', u'1759598106', u'1759598188', u'1759598019', u'1759597969']"
159,False,service,"[u'1759597969', u'1759598019', u'1759598188', u'1759598106', u'1759597543', u'1797222870', u'1759598071', u'1759597889']"
160,False,service,"[u'1759597781', u'2717862503', u'2703797224']"
161,False,service,"[u'2703797224', u'2717862503', u'1759597781']"
162,False,service,"[u'2703797224', u'1759597741', u'2717862461', u'1759598086', u'1759598245']"
163,False,service,"[u'1759598245', u'1759598086', u'2717862461', u'1759597741', u'2703797224']"
164,False,service,"[u'1759598245', u'1759597834', u'1759597624']"
165,False,service,"[u'1759597624', u'1759597834', u'1759598245']"
166,False,service,"[u'1759597624', u'1759597669']"
167,False,service,"[u'1759597669', u'1759597624']"
168,False,service,"[u'1759597836', u'1759597810', u'1759597630', u'1759597585', u'1759597965']"
169,False,service,"[u'1759597965', u'1759597585', u'1759597630', u'1759597810', u'1759597836']"
170,False,service,"[u'1759597965', u'1759597953']"
171,False,service,"[u'1759597953', u'1759597965']"
172,False,service,"[u'1759597953', u'1759598080', u'1759597967', u'1759597969']"
173,False,service,"[u'1759597969', u'1759597967', u'1759598080', u'1759597953']"
174,False,service,"[u'1759597969', u'1797222872', u'1759597853', u'1797222874', u'1759597573', u'1759597589', u'1759597775', u'1759597847', u'1759597506', u'1797222871', u'1759598191', u'1759597910', u'1759598115', u'1759597991', u'1759598004', u'1759597984', u'1759597632', u'1759598097', u'3729481563', u'3878436152']"
175,False,service,"[u'3878436152', u'3729481563', u'1759598097', u'1759597632', u'1759597984', u'1759598004', u'1759597991', u'1759598115', u'1759597910', u'1759598191', u'1797222871', u'1759597506', u'1759597847', u'1759597775', u'1759597589', u'1759597573', u'1797222874', u'1759597853', u'1797222872', u'1759597969']"
176,False,service,"[u'3878436152', u'1759597510', u'1759597631', u'1759597663']"
177,False,service,"[u'1759597663', u'1759597631', u'1759597510', u'3878436152']"
178,False,service,"[u'1759597663', u'1759597524', u'1759597735', u'1797189481', u'1759598160', u'1797189474', u'1759597722']"
179,False,service,"[u'1759597722', u'1797189474', u'1759598160', u'1797189481', u'1759597735', u'1759597524', u'1759597663']"
180,False,service,"[u'1759597981', u'1759598182', u'1759597903', u'1759597891']"
181,False,service,"[u'1759597891', u'1759597903', u'1759598182', u'1759597981']"
182,False,service,"[u'1759597891', u'1759598013', u'1759597783', u'1759597669']"
183,False,service,"[u'1759597669', u'1759597783', u'1759598013', u'1759597891']"
184,False,service,"[u'1759597669', u'1759597502', u'1759598156', u'1759598112']"
185,False,service,"[u'1759598112', u'1759598156', u'1759597502', u'1759597669']"
186,False,service,"[u'1759598112', u'1759597595']"
187,False,service,"[u'1759597595', u'1759598112']"
188,False,service,"[u'1759597595', u'1759598197']"
189,False,service,"[u'1759598197', u'1759597595']"
190,False,service,"[u'1759598234', u'1759598123']"
191,False,service,"[u'1759598123', u'1759598234']"
192,False,service,"[u'1759598158', u'1759597624']"
193,False,service,"[u'1759597624', u'1759598158']"
194,False,service,"[u'1759597624', u'1759597943']"
195,False,service,"[u'1759597943', u'1759597624']"
196,False,service,"[u'1759597943', u'1759597597']"
197,False,service,"[u'1759597597', u'1759597943']"
198,False,service,"[u'1759597597', u'1759597882']"
199,False,service,"[u'1759597882', u'1759597597']"
200,False,service,"[u'1759597882', u'1759597858', u'1759597901', u'1759598068', u'1759598007', u'1759597739']"
201,False,service,"[u'1759597739', u'1759598007', u'1759598068', u'1759597901', u'1759597858', u'1759597882']"
202,False,service,"[u'1759597739', u'1759597733', u'1759597994', u'1759597715', u'1759597683', u'1759598218', u'1759598074', u'1759598016', u'1759598179', u'1759598050']"
203,False,service,"[u'1759598050', u'1759598179', u'1759598016', u'1759598074', u'1759598218', u'1759597683', u'1759597715', u'1759597994', u'1759597733', u'1759597739']"
204,False,service,"[u'1486922516', u'3878436137', u'3878436134', u'3878436138', u'1759598121']"
205,False,service,"[u'1759598121', u'3878436138', u'3878436134', u'3878436137', u'1486922516']"
206,False,service,"[u'1759598121', u'2695865774', u'1759597736', u'1759597518', u'1759598029']"
207,False,service,"[u'1759598029', u'1759597518', u'1759597736', u'2695865774', u'1759598121']"
208,False,service,"[u'1759598029', u'1759597712', u'1759597779', u'1759597940']"
209,False,service,"[u'1759597940', u'1759597779', u'1759597712', u'1759598029']"
210,False,service,"[u'1759597940', u'1759597554', u'1759597690']"
211,False,service,"[u'1759597690', u'1759597554', u'1759597940']"
212,False,service,"[u'1486922515', u'2717558629', u'2717862472', u'2717862497', u'1759597743']"
213,False,service,"[u'1759597743', u'2717862497', u'2717862472', u'2717558629', u'1486922515']"
214,False,service,"[u'1759597882', u'1759597686', u'1759597544']"
215,False,service,"[u'1759597544', u'1759597686', u'1759597882']"
216,False,service,"[u'1759597544', u'1759597550', u'1759597706']"
217,False,service,"[u'1759597706', u'1759597550', u'1759597544']"
218,False,service,"[u'1759597608', u'1759597781']"
219,False,service,"[u'1759597781', u'1759597608']"
220,False,service,"[u'1759597690', u'1759597643', u'1759597680']"
221,False,service,"[u'1759597680', u'1759597643', u'1759597690']"
222,False,service,"[u'1759597680', u'1759597519', u'1759597951', u'1759597666']"
223,False,service,"[u'1759597666', u'1759597951', u'1759597519', u'1759597680']"
224,False,service,"[u'1759597666', u'1759598173', u'1759597800', u'2717544113', u'2717544102', u'1759597852']"
225,False,service,"[u'1759597852', u'2717544102', u'2717544113', u'1759597800', u'1759598173', u'1759597666']"
226,False,service,"[u'1759597852', u'3878436140', u'3878436133', u'1486922518']"
227,False,service,"[u'1486922518', u'3878436133', u'3878436140', u'1759597852']"
228,False,service,"[u'1759598239', u'1759598176', u'1759598077']"
229,False,service,"[u'1759598077', u'1759598176', u'1759598239']"
230,False,service,"[u'1759598077', u'1759597763']"
231,False,service,"[u'1759597763', u'1759598077']"
232,False,service,"[u'1759598129', u'1759597765', u'1759597838']"
233,False,service,"[u'1759597838', u'1759597765', u'1759598129']"
234,False,service,"[u'1759597957', u'1759598228']"
235,False,service,"[u'1759598228', u'1759597957']"
236,False,service,"[u'1759598228', u'1759597587']"
237,False,service,"[u'1759597587', u'1759598228']"
238,False,service,"[u'1187061183', u'1770649854', u'1759597893']"
239,False,service,"[u'1759597893', u'1770649854', u'1187061183']"
240,False,service,"[u'1759597663', u'1759597938', u'2614583819', u'1759597922', u'1759597621', u'1759597806', u'1759597638']"
241,False,service,"[u'1759597638', u'1759597806', u'1759597621', u'1759597922', u'2614583819', u'1759597938', u'1759597663']"
242,False,service,"[u'1759597638', u'1759597602', u'1759597636']"
243,False,service,"[u'1759597636', u'1759597602', u'1759597638']"
244,False,service,"[u'1759597636', u'1759597932', u'1759597992', u'1759597944', u'2695865761']"
245,False,service,"[u'2695865761', u'1759597944', u'1759597992', u'1759597932', u'1759597636']"
246,False,service,"[u'2695865761', u'1759597957']"
247,False,service,"[u'1759597957', u'2695865761']"
248,False,service,"[u'1759597957', u'2695865768']"
249,False,service,"[u'2695865768', u'1759597957']"
250,False,service,"[u'2695865768', u'1759597963', u'2695865773']"
251,False,service,"[u'2695865773', u'1759597963', u'2695865768']"
252,False,service,"[u'2695865773', u'1759597896', u'1759597973', u'1759598153', u'1759598170', u'1759597979']"
253,False,service,"[u'1759597979', u'1759598170', u'1759598153', u'1759597973', u'1759597896', u'2695865773']"
254,False,service,"[u'1759598050', u'1759598239']"
255,False,service,"[u'1759598239', u'1759598050']"
256,False,service,"[u'1759597836', u'1759598024', u'1759597595']"
257,False,service,"[u'1759597595', u'1759598024', u'1759597836']"
258,False,service,"[u'1759597595', u'1759598162', u'1759598094', u'1759597597']"
259,False,service,"[u'1759597597', u'1759598094', u'1759598162', u'1759597595']"
260,False,service,"[u'1759597597', u'1759597818']"
261,False,service,"[u'1759597818', u'1759597597']"
262,False,service,"[u'1759597818', u'1759597982', u'1759597535', u'2703796564', u'2703797226']"
263,False,service,"[u'2703797226', u'2703796564', u'1759597535', u'1759597982', u'1759597818']"
264,False,service,"[u'2703797226', u'1759597813']"
265,False,service,"[u'1759597813', u'2703797226']"
266,False,service,"[u'1759597808', u'2717862534', u'2703797225']"
267,False,service,"[u'2703797225', u'2717862534', u'1759597808']"
268,False,service,"[u'2703797225', u'2703796565', u'1759597588', u'1759597820', u'1759597771']"
269,False,service,"[u'1759597771', u'1759597820', u'1759597588', u'2703796565', u'2703797225']"
270,False,service,"[u'1759597771', u'1759597851', u'1759597943']"
271,False,service,"[u'1759597943', u'1759597851', u'1759597771']"
272,False,service,"[u'1759597943', u'1759597508', u'1759597936', u'1759598112']"
273,False,service,"[u'1759598112', u'1759597936', u'1759597508', u'1759597943']"
274,False,service,"[u'1759598112', u'1759597802', u'1759597836']"
275,False,service,"[u'1759597836', u'1759597802', u'1759598112']"
276,False,service,"[u'1759597571', u'2717558630', u'1486922512']"
277,False,service,"[u'1486922512', u'2717558630', u'1759597571']"
278,False,service,"[u'1759597680', u'1759597940']"
279,False,service,"[u'1759597940', u'1759597680']"
280,False,service,"[u'1759597940', u'1759597638']"
281,False,service,"[u'1759597638', u'1759597940']"
282,False,service,"[u'1759597638', u'1759597897', u'1759597565', u'1759597561']"
283,False,service,"[u'1759597561', u'1759597565', u'1759597897', u'1759597638']"
284,False,service,"[u'1486922483', u'1759597816', u'1759597809', u'1759598194', u'1759598103', u'1759597627', u'1759597664']"
285,False,service,"[u'1759597664', u'1759597627', u'1759598103', u'1759598194', u'1759597809', u'1759597816', u'1486922483']"
286,False,service,"[u'1759598123', u'1759597757', u'1759597971', u'1759597610', u'1759597666']"
287,False,service,"[u'1759597666', u'1759597610', u'1759597971', u'1759597757', u'1759598123']"
288,False,service,"[u'1759597666', u'1759598029']"
289,False,service,"[u'1759598029', u'1759597666']"
290,False,service,"[u'1759598029', u'1759597636']"
291,False,service,"[u'1759597636', u'1759598029']"
292,False,service,"[u'1759597720', u'2695865752', u'2695865748', u'2719031559', u'2719031560', u'2719031561', u'2719031562', u'2719031563', u'2719031564', u'2719031565', u'2719031566', u'2695865749', u'1797203225', u'2695865750', u'2695865751', u'3880367292', u'1759597941']"
293,False,service,"[u'1759597941', u'3880367292', u'2695865751', u'2695865750', u'1797203225', u'2695865749', u'2719031566', u'2719031565', u'2719031564', u'2719031563', u'2719031562', u'2719031561', u'2719031560', u'2719031559', u'2695865748', u'2695865752', u'1759597720']"
294,False,service,"[u'1759597893', u'1759597584']"
295,False,service,"[u'1759597584', u'1759597893']"
296,False,service,"[u'1759597743', u'1759597808']"
297,False,service,"[u'1759597808', u'1759597743']"
298,False,service,"[u'1759597891', u'1759598158']"
299,False,service,"[u'1759598158', u'1759597891']"
300,False,service,"[u'1759598158', u'2719194247']"
301,False,service,"[u'2719194247', u'1759598158']"
302,False,service,"[u'2719194247', u'1759597838']"
303,False,service,"[u'1759597838', u'2719194247']"
304,False,service,"[u'1759597542', u'1759598224']"
305,False,service,"[u'1759598224', u'1759597542']"
306,False,service,"[u'1759598224', u'1759597664']"
307,False,service,"[u'1759597664', u'1759598224']"
308,False,service,"[u'1759597664', u'2717808059', u'1759598095', u'1759597856', u'1759597885', u'1759597926', u'1759597521', u'1759597548', u'1759597930', u'1759597582', u'1759597822', u'1759597916', u'1487328506']"
309,False,service,"[u'1487328506', u'1759597916', u'1759597822', u'1759597582', u'1759597930', u'1759597548', u'1759597521', u'1759597926', u'1759597885', u'1759597856', u'1759598095', u'2717808059', u'1759597664']"
310,False,service,"[u'1759598009', u'1759597836']"
311,False,service,"[u'1759597836', u'1759598009']"
312,False,service,"[u'1759597981', u'1759597889']"
313,False,service,"[u'1759597889', u'1759597981']"
314,False,service,"[u'1759597889', u'1759597850', u'1759597558', u'1759597606', u'1759597953']"
315,False,service,"[u'1759597953', u'1759597606', u'1759597558', u'1759597850', u'1759597889']"
316,False,service,"[u'1759597953', u'1759597634', u'1759597804', u'1759597849', u'1759597623']"
317,False,service,"[u'1759597623', u'1759597849', u'1759597804', u'1759597634', u'1759597953']"
318,False,service,"[u'1759597587', u'1759597720']"
319,False,service,"[u'1759597720', u'1759597587']"
320,False,service,"[u'1759598077', u'1759597586', u'1759597516', u'1759597604']"
321,False,service,"[u'1759597604', u'1759597516', u'1759597586', u'1759598077']"
322,False,service,"[u'1759597604', u'1759597840', u'1759598144', u'2717808171', u'1759597567']"
323,False,service,"[u'1759597567', u'2717808171', u'1759598144', u'1759597840', u'1759597604']"
324,False,service,"[u'1759597567', u'1759597996']"
325,False,service,"[u'1759597996', u'1759597567']"
326,False,service,"[u'1759597996', u'2717808173', u'1759597709', u'1759597914', u'1759598021', u'1759597920']"
327,False,service,"[u'1759597920', u'1759598021', u'1759597914', u'1759597709', u'2717808173', u'1759597996']"
328,False,service,"[u'1759597920', u'1759598165', u'1759597689', u'1759597668', u'1759598214', u'1759598224']"
329,False,service,"[u'1759598224', u'1759598214', u'1759597668', u'1759597689', u'1759598165', u'1759597920']"
330,False,service,"[u'1759598126', u'1759597678', u'1759597776', u'1759598202', u'2717390055', u'1759597763']"
331,False,service,"[u'1759597763', u'2717390055', u'1759598202', u'1759597776', u'1759597678', u'1759598126']"
332,False,service,"[u'1759597763', u'1759597531', u'1759597729', u'2717390048', u'1759598231']"
333,False,service,"[u'1759598231', u'2717390048', u'1759597729', u'1759597531', u'1759597763']"
334,False,service,"[u'1759598231', u'1759597812', u'2717390051', u'1759597985']"
335,False,service,"[u'1759597985', u'2717390051', u'1759597812', u'1759598231']"
336,False,service,"[u'1759597985', u'1759598154', u'1759598053', u'2717390053', u'1759597542']"
337,False,service,"[u'1759597542', u'2717390053', u'1759598053', u'1759598154', u'1759597985']"
338,False,service,"[u'1759597542', u'1759597626', u'1759598039', u'1759598083', u'1759598126']"
339,False,service,"[u'1759598126', u'1759598083', u'1759598039', u'1759597626', u'1759597542']"
340,False,service,"[u'1759598197', u'1759598138', u'1759597661', u'1759597512', u'1759598033', u'1759597706']"
341,False,service,"[u'1759597706', u'1759598033', u'1759597512', u'1759597661', u'1759598138', u'1759598197']"
342,False,service,"[u'1759597623', u'1759597767', u'1759597622', u'1759597965']"
343,False,service,"[u'1759597965', u'1759597622', u'1759597767', u'1759597623']"
344,False,service,"[u'1759597965', u'1759597854', u'1759597773', u'1759598222', u'1759597981']"
345,False,service,"[u'1759597981', u'1759598222', u'1759597773', u'1759597854', u'1759597965']"
346,False,service,"[u'1759597584', u'3878436132']"
347,False,service,"[u'3878436132', u'1759597584']"
348,False,service,"[u'1759597813', u'1759597571']"
349,False,service,"[u'1759597571', u'1759597813']"
350,False,tertiary,"[u'1759597737', u'1759597842', u'1759597726']"
351,False,tertiary,"[u'1759597726', u'1759597842', u'1759597737']"
352,False,tertiary,"[u'1759597726', u'1759597674']"
353,False,tertiary,"[u'1759597674', u'1759597726']"
354,False,service,"[u'1759598197', u'1759597544']"
355,False,service,"[u'1759597544', u'1759598197']"
356,False,service,"[u'1759597581', u'2717807845', u'1759598062', u'1759597768', u'1759597591', u'1759597645', u'1759597641', u'1759598035', u'1759597859', u'1759597545', u'2717421805', u'1759597939', u'1759597983', u'1486922499']"
357,False,service,"[u'1486922499', u'1759597983', u'1759597939', u'2717421805', u'1759597545', u'1759597859', u'1759598035', u'1759597641', u'1759597645', u'1759597591', u'1759597768', u'1759598062', u'2717807845', u'1759597581']"
358,False,trunk,"[u'499158759', u'1187061170', u'499158764', u'1187061261', u'499158768', u'1187061218', u'1187061187', u'499158775', u'499158780', u'1187045165']"
359,False,trunk,"[u'1187045165', u'499158780', u'499158775', u'1187061187', u'1187061218', u'499158768', u'1187061261', u'499158764', u'1187061170', u'499158759']"
360,False,service,"[u'1797189479', u'1797189475', u'1797189476', u'1797189477', u'1797189478', u'1797189480', u'1797189482', u'1797189483', u'1797189484', u'3879204088', u'1759597674']"
361,False,service,"[u'1759597674', u'3879204088', u'1797189484', u'1797189483', u'1797189482', u'1797189480', u'1797189478', u'1797189477', u'1797189476', u'1797189475', u'1797189479']"
362,False,service,"[u'1759597945', u'1759597667', u'1797189472', u'1797189471', u'1797189470', u'1759598226', u'1759597934', u'1797189469', u'1797189468', u'1797189467', u'1759597811', u'1759597670', u'2717907288', u'2717907138', u'1797189464', u'1797189462', u'1797189459', u'1797189453', u'1797189450', u'1797189447', u'1797189444', u'1797189441', u'1797189446', u'1797189452', u'1797189454', u'1797189458', u'1797189456']"
363,False,service,"[u'1797189456', u'1797189458', u'1797189454', u'1797189452', u'1797189446', u'1797189441', u'1797189444', u'1797189447', u'1797189450', u'1797189453', u'1797189459', u'1797189462', u'1797189464', u'2717907138', u'2717907288', u'1759597670', u'1759597811', u'1797189467', u'1797189468', u'1797189469', u'1759597934', u'1759598226', u'1797189470', u'1797189471', u'1797189472', u'1759597667', u'1759597945']"
364,False,service,"[u'1797189456', u'1797189455', u'1797189448', u'1797189449', u'1797189451', u'1797189457', u'1797189460', u'1797189461', u'1797189463', u'1797189465', u'1797189466', u'2717907110', u'2614584214', u'2614583829', u'1759597945']"
365,False,service,"[u'1759597945', u'2614583829', u'2614584214', u'2717907110', u'1797189466', u'1797189465', u'1797189463', u'1797189461', u'1797189460', u'1797189457', u'1797189451', u'1797189449', u'1797189448', u'1797189455', u'1797189456']"
366,False,service,"[u'1759597945', u'1797189473', u'1797189479']"
367,False,service,"[u'1797189479', u'1797189473', u'1759597945']"
368,False,residential,"[u'1759597941', u'1759598037']"
369,False,residential,"[u'1759598037', u'1759597941']"
370,False,residential,"[u'1759598037', u'1759597503', u'1759597559', u'1759597772', u'1759598027', u'1759598056']"
371,False,residential,"[u'1759598056', u'1759598027', u'1759597772', u'1759597559', u'1759597503', u'1759598037']"
372,False,service,"[u'1187044733', u'1797222844', u'1797222846', u'1797222848', u'1797222852', u'1797222854']"
373,False,service,"[u'1797222854', u'1797222852', u'1797222848', u'1797222846', u'1797222844', u'1187044733']"
374,False,service,"[u'1797222854', u'1797222865', u'1797222867']"
375,False,service,"[u'1797222867', u'1797222865', u'1797222854']"
376,False,service,"[u'1797222867', u'1797222869', u'1797222868', u'1797222866', u'1797222864', u'1797222850', u'1797222842']"
377,False,service,"[u'1797222842', u'1797222850', u'1797222864', u'1797222866', u'1797222868', u'1797222869', u'1797222867']"
378,False,service,"[u'1759598231', u'1797222867']"
379,False,service,"[u'1797222867', u'1759598231']"
380,False,service,"[u'1797222854', u'1759597985']"
381,False,service,"[u'1759597985', u'1797222854']"
382,False,residential,"[u'2614586196', u'2614586200']"
383,False,residential,"[u'2614586200', u'2614586196']"
384,False,service,"[u'1486922499', u'1486922498']"
385,False,service,"[u'1486922498', u'1486922499']"
386,False,service,"[u'1486922499', u'1759597567']"
387,False,service,"[u'1759597567', u'1486922499']"
388,False,service,"[u'1486922498', u'1487066340']"
389,False,service,"[u'1487066340', u'1486922498']"
390,False,service,"[u'1486922498', u'1486922497', u'1486922496', u'1486922495', u'1486919379', u'1486922492', u'1486922490', u'1486919368', u'1486922489', u'1486922488', u'1486922487', u'1486922486', u'1486922485', u'1486922484', u'1486922483']"
391,False,service,"[u'1486922483', u'1486922484', u'1486922485', u'1486922486', u'1486922487', u'1486922488', u'1486922489', u'1486919368', u'1486922490', u'1486922492', u'1486919379', u'1486922495', u'1486922496', u'1486922497', u'1486922498']"
392,False,service,"[u'1486922483', u'1486922482', u'2717807950', u'1486922481', u'1486922480', u'1486922479', u'1486922478', u'1486922475', u'1486922474', u'1486922473', u'1486922472', u'2717808146', u'1486922471', u'1486922464', u'1486922466', u'1486922468', u'1486922462', u'1486922460', u'1486922458', u'1486922452', u'1486922450', u'1486922454', u'1486922447', u'1486922446', u'1486922444', u'1487328506']"
393,False,service,"[u'1487328506', u'1486922444', u'1486922446', u'1486922447', u'1486922454', u'1486922450', u'1486922452', u'1486922458', u'1486922460', u'1486922462', u'1486922468', u'1486922466', u'1486922464', u'1486922471', u'2717808146', u'1486922472', u'1486922473', u'1486922474', u'1486922475', u'1486922478', u'1486922479', u'1486922480', u'1486922481', u'2717807950', u'1486922482', u'1486922483']"
394,False,service,"[u'2695865761', u'2695865762', u'2695865763', u'2695865764', u'2695865765']"
395,False,service,"[u'2695865765', u'2695865764', u'2695865763', u'2695865762', u'2695865761']"
396,False,service,"[u'2695865765', u'2695865766', u'2695865769', u'2695865767', u'2695865768']"
397,False,service,"[u'2695865768', u'2695865767', u'2695865769', u'2695865766', u'2695865765']"
398,False,pedestrian,"[u'2695865770', u'2718016397', u'2717864043', u'2695865771']"
399,False,pedestrian,"[u'2695865771', u'2717864043', u'2718016397', u'2695865770']"
400,False,pedestrian,"[u'2695865771', u'2695865765']"
401,False,pedestrian,"[u'2695865765', u'2695865771']"
402,False,pedestrian,"[u'2695865765', u'1759597957']"
403,False,pedestrian,"[u'1759597957', u'2695865765']"
404,False,footway,"[u'2695865771', u'2695865773']"
405,False,footway,"[u'2695865773', u'2695865771']"
406,False,service,"[u'2696067984', u'2696067985', u'2696067986', u'2696067990', u'2696067987', u'2696067988', u'2696067989', u'1759597636']"
407,False,service,"[u'1759597636', u'2696067989', u'2696067988', u'2696067987', u'2696067990', u'2696067986', u'2696067985', u'2696067984']"
408,False,service,"[u'2696067983', u'2696067984']"
409,False,service,"[u'2696067984', u'2696067983']"
410,False,service,"[u'2696067978', u'2696067979']"
411,False,service,"[u'2696067979', u'2696067978']"
412,False,service,"[u'2696067979', u'2696067980', u'2696067981', u'2696067982', u'2696067983']"
413,False,service,"[u'2696067983', u'2696067982', u'2696067981', u'2696067980', u'2696067979']"
414,False,service,"[u'1797189456', u'2696142198', u'2696142195']"
415,False,service,"[u'2696142195', u'2696142198', u'1797189456']"
416,False,service,"[u'2696142195', u'2696142196']"
417,False,service,"[u'2696142196', u'2696142195']"
418,False,service,"[u'2696142196', u'1797203231']"
419,False,service,"[u'1797203231', u'2696142196']"
420,False,service,"[u'2717390067', u'2719194264', u'2717390065']"
421,False,service,"[u'2717390065', u'2719194264', u'2717390067']"
422,False,service,"[u'2717390065', u'2717390063', u'2717390062', u'2717390060', u'2717390057', u'2703797224']"
423,False,service,"[u'2703797224', u'2717390057', u'2717390060', u'2717390062', u'2717390063', u'2717390065']"
424,False,service,"[u'2703797224', u'2703797225']"
425,False,service,"[u'2703797225', u'2703797224']"
426,False,service,"[u'2703797225', u'2703797226']"
427,False,service,"[u'2703797226', u'2703797225']"
428,False,service,"[u'1487328506', u'1487328508']"
429,False,service,"[u'1487328508', u'1487328506']"
430,False,service,"[u'1487328508', u'1759597639', u'1759597798', u'1759597819', u'1759597887', u'1759598018', u'1759598059', u'1759598168', u'2614586196']"
431,False,service,"[u'2614586196', u'1759598168', u'1759598059', u'1759598018', u'1759597887', u'1759597819', u'1759597798', u'1759597639', u'1487328508']"
432,False,service,"[u'2614586196', u'1759597546', u'1759597671', u'1759597730', u'1759597942', u'1759597860', u'3880367469', u'1759597647', u'1759597977', u'1759597955', u'1759597989', u'1759597961', u'3879213217', u'1759597845']"
433,False,service,"[u'1759597845', u'3879213217', u'1759597961', u'1759597989', u'1759597955', u'1759597977', u'1759597647', u'3880367469', u'1759597860', u'1759597942', u'1759597730', u'1759597671', u'1759597546', u'2614586196']"
434,False,service,"[u'1759597845', u'2717928773', u'2717928772']"
435,False,service,"[u'2717928772', u'2717928773', u'1759597845']"
436,False,service,"[u'2717928772', u'1759597979']"
437,False,service,"[u'1759597979', u'2717928772']"
438,False,service,"[u'1759597979', u'1759598121']"
439,False,service,"[u'1759598121', u'1759597979']"
440,False,service,"[u'1759598121', u'1759597852']"
441,False,service,"[u'1759597852', u'1759598121']"
442,False,service,"[u'1759597852', u'2717558615', u'2717544107', u'2717862466', u'2717862473', u'1759597608']"
443,False,service,"[u'1759597608', u'2717862473', u'2717862466', u'2717544107', u'2717558615', u'1759597852']"
444,False,service,"[u'1759597706', u'1759598009']"
445,False,service,"[u'1759598009', u'1759597706']"
446,False,service,"[u'1759598009', u'3879213214', u'1759598117', u'1759597975', u'1759598237', u'1759597877', u'1759598132', u'1759597514', u'1759597899', u'1759597628', u'1759597874', u'1759597998', u'1759597623']"
447,False,service,"[u'1759597623', u'1759597998', u'1759597874', u'1759597628', u'1759597899', u'1759597514', u'1759598132', u'1759597877', u'1759598237', u'1759597975', u'1759598117', u'3879213214', u'1759598009']"
448,False,service,"[u'2696067979', u'2717862535', u'2717862536', u'2717862537', u'2717862538']"
449,False,service,"[u'2717862538', u'2717862537', u'2717862536', u'2717862535', u'2696067979']"
450,False,service,"[u'2717862538', u'2717862539', u'2717862540', u'2717862541', u'1759597722']"
451,False,service,"[u'1759597722', u'2717862541', u'2717862540', u'2717862539', u'2717862538']"
452,False,service,"[u'1759597722', u'2717862542', u'2717862543', u'2717862544', u'1797189479']"
453,False,service,"[u'1797189479', u'2717862544', u'2717862543', u'2717862542', u'1759597722']"
454,False,footway,"[u'2717928771', u'2717928775', u'2717928772']"
455,False,footway,"[u'2717928772', u'2717928775', u'2717928771']"
456,False,service,"[u'2719194246', u'2719194263']"
457,False,service,"[u'2719194263', u'2719194246']"
458,False,service,"[u'2719194263', u'2719194247']"
459,False,service,"[u'2719194247', u'2719194263']"
460,False,service,"[u'2719194248', u'2719194249', u'2719194250', u'2719194251', u'2719194252', u'2719194253', u'2719194254', u'2719194255', u'2719194256', u'2719194257', u'2719194258', u'2719194259', u'2719194260', u'2719194261', u'2719194262']"
461,False,service,"[u'2719194262', u'2719194261', u'2719194260', u'2719194259', u'2719194258', u'2719194257', u'2719194256', u'2719194255', u'2719194254', u'2719194253', u'2719194252', u'2719194251', u'2719194250', u'2719194249', u'2719194248']"
462,False,service,"[u'2719194248', u'2719194263']"
463,False,service,"[u'2719194263', u'2719194248']"
464,False,service,"[u'1759597838', u'1759598242', u'1759598185', u'1759598042', u'1759597769', u'1759598245']"
465,False,service,"[u'1759598245', u'1759597769', u'1759598042', u'1759598185', u'1759598242', u'1759597838']"
466,False,service,"[u'1759598245', u'2717862446', u'1759597771']"
467,False,service,"[u'1759597771', u'2717862446', u'1759598245']"
468,False,service,"[u'1759597771', u'1759597818']"
469,False,service,"[u'1759597818', u'1759597771']"
470,False,service,"[u'1759597838', u'2717390065']"
471,False,service,"[u'2717390065', u'1759597838']"
472,False,service,"[u'2717390065', u'1759598234']"
473,False,service,"[u'1759598234', u'2717390065']"
474,False,tertiary,"[u'3459234286', u'3459234288']"
475,False,tertiary,"[u'3459234288', u'3459234286']"
476,False,tertiary,"[u'3459234288', u'3459234289', u'3459234290', u'3459234292', u'3459236593', u'3459236595', u'3459236596', u'3459236598', u'3459236601', u'3459235790', u'3459236793']"
477,False,tertiary,"[u'3459236793', u'3459235790', u'3459236601', u'3459236598', u'3459236596', u'3459236595', u'3459236593', u'3459234292', u'3459234290', u'3459234289', u'3459234288']"
478,False,tertiary,"[u'3288695771', u'3288695768', u'3288695766', u'3288695763', u'3288695761', u'3288686458']"
479,False,tertiary,"[u'3288686458', u'3288695761', u'3288695763', u'3288695766', u'3288695768', u'3288695771']"
480,False,tertiary,"[u'3288686458', u'3288686456', u'3288686451', u'3288686447', u'3288686446', u'3288686445', u'3288686443', u'3288686440', u'3288686437', u'3490623749']"
481,False,tertiary,"[u'3490623749', u'3288686437', u'3288686440', u'3288686443', u'3288686445', u'3288686446', u'3288686447', u'3288686451', u'3288686456', u'3288686458']"
482,False,tertiary,"[u'3490623749', u'3288686434']"
483,False,tertiary,"[u'3288686434', u'3490623749']"
484,False,unclassified,"[u'3459183640', u'3459183642', u'3459183645', u'3459183646', u'3459183648', u'3459183649', u'3459183650', u'3459183651', u'3459183652', u'3459183991', u'3459183993', u'3459183994', u'3459183995', u'3459183997', u'3459183998', u'3459184000', u'3459182340', u'3459182341', u'3459182344', u'3459182345', u'3459182348']"
485,False,unclassified,"[u'3459182348', u'3459182345', u'3459182344', u'3459182341', u'3459182340', u'3459184000', u'3459183998', u'3459183997', u'3459183995', u'3459183994', u'3459183993', u'3459183991', u'3459183652', u'3459183651', u'3459183650', u'3459183649', u'3459183648', u'3459183646', u'3459183645', u'3459183642', u'3459183640']"
486,False,tertiary,"[u'3459236602', u'3459236600', u'3459236599', u'3459236597', u'3459236594', u'3459234291', u'3459234287', u'3459234285', u'3459234284', u'3459234283', u'1759597674']"
487,False,tertiary,"[u'1759597674', u'3459234283', u'3459234284', u'3459234285', u'3459234287', u'3459234291', u'3459236594', u'3459236597', u'3459236599', u'3459236600', u'3459236602']"
488,False,tertiary,"[u'3288686439', u'3288686442', u'3490623752']"
489,False,tertiary,"[u'3490623752', u'3288686442', u'3288686439']"
490,False,tertiary,"[u'3490623752', u'3288686444', u'3288686450', u'3288686452', u'3288686453', u'3288686455', u'3288686457', u'3288686459', u'4039265053']"
491,False,tertiary,"[u'4039265053', u'3288686459', u'3288686457', u'3288686455', u'3288686453', u'3288686452', u'3288686450', u'3288686444', u'3490623752']"
492,False,tertiary,"[u'4039265053', u'3288695762', u'3288695764', u'3288695767', u'3288695769', u'3288695774']"
493,False,tertiary,"[u'3288695774', u'3288695769', u'3288695767', u'3288695764', u'3288695762', u'4039265053']"
494,False,tertiary,"[u'3459235788', u'3459236602']"
495,False,tertiary,"[u'3459236602', u'3459235788']"
496,False,tertiary,"[u'3288686438', u'3288686439']"
497,False,tertiary,"[u'3288686439', u'3288686438']"
498,False,tertiary,"[u'3459236793', u'3459236794']"
499,False,tertiary,"[u'3459236794', u'3459236793']"
500,False,tertiary,"[u'3288686434', u'3288686433']"
501,False,tertiary,"[u'3288686433', u'3288686434']"
502,False,tertiary,"[u'3459236794', u'3459236795', u'3459236796']"
503,False,tertiary,"[u'3459236796', u'3459236795', u'3459236794']"
504,False,tertiary,"[u'3459236796', u'3288686436', u'3288686438']"
505,False,tertiary,"[u'3288686438', u'3288686436', u'3459236796']"
506,False,tertiary,"[u'3288686433', u'3288686432', u'3459235792']"
507,False,tertiary,"[u'3459235792', u'3288686432', u'3288686433']"
508,False,tertiary,"[u'3459235792', u'3459235791', u'3459235788']"
509,False,tertiary,"[u'3459235788', u'3459235791', u'3459235792']"
510,False,unclassified,"[u'3490623764', u'3490629403', u'3490623752']"
511,False,unclassified,"[u'3490623752', u'3490629403', u'3490623764']"
512,False,unclassified,"[u'3490623752', u'3490623749']"
513,False,unclassified,"[u'3490623749', u'3490623752']"
514,False,unclassified,"[u'3459235792', u'3459236796']"
515,False,unclassified,"[u'3459236796', u'3459235792']"
516,False,unclassified,"[u'3459236796', u'3490623753', u'3490623758', u'3490614131', u'3490629399']"
517,False,unclassified,"[u'3490629399', u'3490614131', u'3490623758', u'3490623753', u'3459236796']"
518,False,service,"[u'3878436132', u'1759597759', u'1759598220', u'1759598011', u'1759597918', u'3879213216', u'1759597739']"
519,False,service,"[u'1759597739', u'3879213216', u'1759597918', u'1759598011', u'1759598220', u'1759597759', u'3878436132']"
520,False,service,"[u'1759597690', u'3878436152']"
521,False,service,"[u'3878436152', u'1759597690']"
522,False,pedestrian,"[u'1759597920', u'3878436155', u'1487314710']"
523,False,pedestrian,"[u'1487314710', u'3878436155', u'1759597920']"
524,False,pedestrian,"[u'1487314710', u'1487314711', u'3878436153']"
525,False,pedestrian,"[u'3878436153', u'1487314711', u'1487314710']"
526,False,pedestrian,"[u'1759597604', u'3878436154', u'2703796554']"
527,False,pedestrian,"[u'2703796554', u'3878436154', u'1759597604']"
528,False,unclassified,"[u'4039264989', u'4039264998']"
529,False,unclassified,"[u'4039264998', u'4039264989']"
530,False,unclassified,"[u'4039264998', u'4039265015', u'4039265010']"
531,False,unclassified,"[u'4039265010', u'4039265015', u'4039264998']"
532,False,residential,"[u'4039265066', u'4039265020', u'4039265023', u'4039265035', u'4039265042', u'4039265004', u'4039265033', u'4039265034', u'4039264990', u'4039264991', u'4039264982', u'4039265043', u'4039264998']"
533,False,residential,"[u'4039264998', u'4039265043', u'4039264982', u'4039264991', u'4039264990', u'4039265034', u'4039265033', u'4039265004', u'4039265042', u'4039265035', u'4039265023', u'4039265020', u'4039265066']"
534,False,tertiary_link,"[u'3288686458', u'4039265053']"
535,False,tertiary_link,"[u'4039265053', u'3288686458']"
536,False,trunk,"[u'1455057638', u'499158783']"
537,False,trunk,"[u'499158783', u'1455057638']"
538,False,trunk,"[u'499158783', u'1187044987']"
539,False,trunk,"[u'1187044987', u'499158783']"
540,False,trunk,"[u'1187044390', u'1751009006', u'1455057638']"
541,False,trunk,"[u'1455057638', u'1751009006', u'1187044390']"
542,False,primary,"[u'1246571008', u'1187044372']"
543,False,primary,"[u'1187044372', u'1246571008']"
544,False,primary,"[u'1246570831', u'1187044987']"
545,False,primary,"[u'1187044987', u'1246570831']"
546,False,tertiary,"[u'1455057638', u'1187044733']"
547,False,tertiary,"[u'1187044733', u'1455057638']"
548,False,tertiary,"[u'1455069224', u'1827278620', u'1455057638']"
549,False,tertiary,"[u'1455057638', u'1827278620', u'1455069224']"
